id,channel_id,counter_edge_id,from_node_id,to_node_id,balance,fee_base,fee_proportional,min_htlc,timelock
0,0,1,11,4,492201,1000,1,1000,144
1,0,0,4,11,34134799,1000,1,1000,144
2,1,3,16,24,168936658,0,1,1000,144
3,1,2,24,16,1662320342,800,1,1000,144
4,2,5,12,1,199047272,1000,1,1000,144
5,2,4,1,12,5393325728,1000,1,1000,144
6,3,7,54,143,325424,1000,1,1000,144
7,3,6,143,54,49674576,1000,10,1000,14
8,4,9,54,214,17841496,1000,1,1000,144
9,4,8,214,54,286744504,1000,1,1000,144
10,5,11,60,332,50430084,100,10,1000,144
11,5,10,332,60,849569916,1,1,1000,144
12,6,13,358,342,612970954,1,1,1000,18
13,6,12,342,358,8387029046,1,1,1000,18
14,7,15,63,348,657472135,1000,1,1000,144
15,7,14,348,63,16119742865,1,1,1000,144
16,8,17,76,347,293000449,1000,1,1000,144
17,8,16,347,76,16484214551,1,1,1000,144
18,9,19,76,359,3137952,1000,1,1000,144
19,9,18,359,76,246862048,1,1,1000,144
20,10,21,410,49,64154477,199,199,1000,40
21,10,20,49,410,1235845523,100,100,1000,144
22,11,23,407,332,3805233,1000,1,1000,144
23,11,22,332,407,129306767,1,1,1000,144
24,12,25,370,400,48545538,1000,1,1000,144
25,12,24,400,370,451454462,1000,2000,1000,144
26,13,27,467,466,4777358,1000,1,1000,144
27,13,26,466,467,95222642,1000,1,1000,144
28,14,29,16,502,42485727,0,1,1000,144
29,14,28,502,16,957514273,1000,1,1000,144
30,15,31,530,354,31288240,1000,1,1000,144
31,15,30,354,530,968711760,1,1,1000,144
32,16,33,54,534,19797101,1000,1,1000,144
33,16,32,534,54,980202899,1000,1,1000,144
34,17,35,371,26,30511645,1000,1,1000,34
35,17,34,26,371,469488355,5000,3000,0,288
36,18,37,539,41,2131885,1000,1,1000,144
37,18,36,41,539,497868115,1000,1,1000,144
38,19,39,549,87,5668855,1000,1,1000,144
39,19,38,87,549,94330145,1,19,1000,40
40,20,41,227,590,92069679,0,0,1000,29
41,20,40,590,227,2407930321,1000,1,1000,144
42,21,43,335,615,33701304,1000,23,1000,40
43,21,42,615,335,466298696,1000,1,1000,144
44,22,45,370,513,34991877,1000,1,1000,144
45,22,44,513,370,965008123,0,1,1000,144
46,23,47,694,354,256004,1000,1,1000,144
47,23,46,354,694,29743996,1,1,1000,144
48,24,49,737,1,25563114,1000,1,1000,144
49,24,48,1,737,474436886,1000,1,1000,144
50,25,51,335,660,37785249,1000,23,1000,40
51,25,50,660,335,462214751,2087,209,1000,40
52,26,53,777,628,192790,1000,1,1000,144
53,26,52,628,777,99807210,1000,1,1000,144
54,27,55,354,474,98758834,1,1,1000,144
55,27,54,474,354,1001241166,1000,1,1000,72
56,28,57,220,660,40056370,500,10,1000,30
57,28,56,660,220,459943630,3108,311,1,40
58,29,59,872,326,118318048,1000,1,1000,144
59,29,58,326,872,1281681952,1,1,1000,144
60,30,61,513,670,15077750,0,1,1000,144
61,30,60,670,513,484922250,1000,1,1000,144
62,31,63,153,355,150888286,1,1,10,34
63,31,62,355,153,1849111714,1,1,0,144
64,32,65,948,354,33492452,1000,1,1000,144
65,32,64,354,948,566507548,1,1,1000,144
66,33,67,451,906,225080854,10,1,1000,144
67,33,66,906,451,3774919146,4000,10,1000,144
68,34,69,970,928,16788602,1000,1,1000,144
69,34,68,928,970,339103398,1000,1,1000,144
70,35,71,349,16,84631108,1,1,1000,144
71,35,70,16,349,839711892,0,1,1,144
72,36,73,63,350,28188187,1000,1,1,144
73,36,72,350,63,471811813,1,1,1000,144
74,37,75,493,332,5774697,1000,1,1000,144
75,37,74,332,493,74986303,1,1,1000,144
76,38,77,1027,879,1113307372,1000,1,1000,144
77,38,76,879,1027,15663907628,1000,1,1000,144
78,39,79,655,1004,1142778,1000,1,1000,144
79,39,78,1004,655,86785222,1000,1,1000,144
80,40,81,157,925,2765674,1000,1,1000,144
81,40,80,925,157,197234326,1000,1,1000,144
82,41,83,896,344,134962013,1000,1,1000,144
83,41,82,344,896,2365037987,1,1,1000,144
84,42,85,2,689,27372692,0,0,1000,18
85,42,84,689,2,286280308,1000,1,1000,144
86,43,87,354,77,93666817,1,1,1000,144
87,43,86,77,354,1906333183,1000,1700,1000,30
88,44,89,928,400,4270256,1000,1,1000,144
89,44,88,400,928,70015744,1000,2000,1000,144
90,45,91,948,282,141121636,1000,1,1000,144
91,45,90,282,948,1858878364,5000,200,1000,144
92,46,93,1075,76,4306747,1000,1,1000,144
93,46,92,76,1075,195693253,1000,1,1000,144
94,47,95,263,1136,1126942,1000,1,1000,144
95,47,94,1136,263,98873058,1000,1,1000,144
96,48,97,1137,46,20019783,98,1,1000,144
97,48,96,46,1137,182339217,1000,1,1000,144
98,49,99,1138,884,23941863,1000,1,1000,144
99,49,98,884,1138,966171137,1000,1,1000,144
100,50,101,282,658,3657968,50,100,1000,144
101,50,100,658,282,36342032,1000,1,1000,144
102,51,103,1206,282,2032449,1000,1,1000,144
103,51,102,282,1206,37967551,0,15,1000,144
104,52,105,282,839,3400635,0,30,1000,144
105,52,104,839,282,36599365,1000,1,1000,144
106,53,107,501,346,90434972,1000,1,1000,144
107,53,106,346,501,909565028,1,1,1000,144
108,54,109,345,348,224405208,1,1,1000,18
109,54,108,348,345,2775594792,1,1,1000,18
110,55,111,109,400,162336390,1000,1,1000,144
111,55,110,400,109,2237663610,1000,2000,1000,144
112,56,113,282,1317,3228166,0,2,1000,144
113,56,112,1317,282,36771834,1000,1,1000,144
114,57,115,1342,513,59371469,1000,100,1000,144
115,57,114,513,1342,940628531,0,1,1,144
116,58,117,349,326,129282660,1,1,1000,18
117,58,116,326,349,2870717340,1,1,1000,18
118,59,119,1353,227,4193066,1000,1,1000,144
119,59,118,227,1353,120806934,0,0,1000,29
120,60,121,150,475,247121285,99,1,500000,144
121,60,120,475,150,4752878715,1,1,1000,40
122,61,123,2,26,1582125,0,0,1000,9
123,61,122,26,2,327336875,5000,3000,1000,288
124,62,125,212,344,292482335,0,1,1000,10
125,62,124,344,212,4707517665,1,1,1000,144
126,63,127,1426,33,1347130,1000,20,1000,144
127,63,126,33,1426,498652870,0,0,1000,40
128,64,129,515,17,4049288,1000,1,1000,144
129,64,128,17,515,355577712,100,1,1000,144
130,65,131,1376,345,35708526,1000,1,1000,144
131,65,130,345,1376,464291474,1,1,1000,144
132,66,133,627,227,5254233,3,1,1000,144
133,66,132,227,627,119745767,0,0,1,29
134,67,135,373,355,382515257,1000,1,1000,144
135,67,134,355,373,9617484743,1,1,1000,144
136,68,137,1476,332,197700413,1,1,1000,18
137,68,136,332,1476,16579514587,1,1,1,18
138,69,139,343,1474,58124581,1,1,1,18
139,69,138,1474,343,16719090419,1,1,1000,18
140,70,141,352,332,712427711,1,1,1,18
141,70,140,332,352,16064787289,1,1,1000,18
142,71,143,346,290,18009328,1,1,1000,144
143,71,142,290,346,481990672,1000,500,1,144
144,72,145,1491,1473,417918918,1000,1,1000,144
145,72,144,1473,1491,9582081082,1,1,1000,144
146,73,147,1433,346,13221941,1000,1,1000,144
147,73,146,346,1433,160821059,1,1,1000,144
148,74,149,979,1302,6830380,1000,1,1000,144
149,74,148,1302,979,493169620,1000,1,1000,144
150,75,151,979,349,17322233,1000,1,1000,144
151,75,150,349,979,782677767,1,1,1000,144
152,76,153,1574,1476,12916593,1000,1,1000,144
153,76,152,1476,1574,487083407,1,1,1000,144
154,77,155,1575,332,573419,1000,1,1000,144
155,77,154,332,1575,1999426581,1,1,1000,144
156,78,157,440,621,18896119,1000,1,1000,144
157,78,156,621,440,481103881,1000,1,1000,144
158,79,159,513,1347,50486534,0,1,1000,144
159,79,158,1347,513,949513466,100,1950,1000,288
160,80,161,1644,348,16333534,1000,1,1000,144
161,80,160,348,1644,246082466,1,1,1000,144
162,81,163,1642,756,30563820,420,420,1000,120
163,81,162,756,1642,1969436180,10000,10,1000,40
164,82,165,1088,1671,1853162,1000,1,1000,144
165,82,164,1671,1088,198146838,1000,1,1000,144
166,83,167,513,1694,23224940,0,1,1000,144
167,83,166,1694,513,276775060,1000,1,1000,144
168,84,169,1642,1697,78368213,420,420,1000,120
169,84,168,1697,1642,2121631787,1000,1,1000,144
170,85,171,787,17,723971211,1000,10,1000,14
171,85,170,17,787,16053243789,100,1,0,144
172,86,173,76,1784,11490290,1000,1,1000,144
173,86,172,1784,76,618509710,1000,1,1000,40
174,87,175,476,457,18849054,5000,500,1000,40
175,87,174,457,476,981150946,199,199,1000,40
176,88,177,694,345,439575355,1000,1,1000,40
177,88,176,345,694,4560424645,1,1,1000,144
178,89,179,343,348,971170743,1,1,1000,18
179,89,178,348,343,15806044257,1,1,1,18
180,90,181,358,1841,265800321,1,1,1000,144
181,90,180,1841,358,3074049679,1000,1,1000,40
182,91,183,352,342,641576503,1,1,1,18
183,91,182,342,352,16135638497,1,1,1000,18
184,92,185,1875,58,7099586,1000,1,1000,144
185,92,184,58,1875,142900414,1000,1,1000,40
186,93,187,1371,1914,7292231,1975,213,1000,144
187,93,186,1914,1371,992707769,800,1,1000,40
188,94,189,1777,1685,86247722,1000,100,1000,40
189,94,188,1685,1777,4913752278,0,1,1000,144
190,95,191,157,63,65013937,1000,1,1000,40
191,95,190,63,157,2934986063,1000,1,1000,40
192,96,193,1935,1241,27707563,250,1,1000,14
193,96,192,1241,1935,472292437,500,1,0,144
194,97,195,54,937,1706513,1000,1,1000,144
195,97,194,937,54,331541487,1000,1,1000,40
196,98,197,746,1940,414552797,166,1,1000,6
197,98,196,1940,746,4585447203,1000,100,1000,40
198,99,199,410,368,65535533,199,199,1000,40
199,99,198,368,410,934464467,1000,1,1000,40
200,100,201,258,1777,241472753,100,10,1000,72
201,100,200,1777,258,4758527247,1000,100,1000,40
202,101,203,1978,392,16471385,1000,1,1000,40
203,101,202,392,1978,231804615,1000,1,1000,40
204,102,205,907,282,380206028,1000,1,1000,40
205,102,204,282,907,9619793972,1,10,1000,40
206,103,207,820,660,185094636,1000,1,1000,40
207,103,206,660,820,1814905364,3378,338,1000,40
208,104,209,513,2018,4874666,0,1,1000,144
209,104,208,2018,513,3995125334,116,1,1000,40
210,105,211,2044,326,5062241,1000,1,1000,40
211,105,210,326,2044,56001759,1,1,1000,144
212,106,213,2058,109,6329610,1000,1,1000,40
213,106,212,109,2058,66426390,1000,1,1000,144
214,107,215,448,58,5606445,1000,1,1000,40
215,107,214,58,448,94393555,1000,1,1000,40
216,108,217,2101,77,30545392,0,1,1000,40
217,108,216,77,2101,1469454608,1000,1700,1000,30
218,109,219,63,119,1217604940,1000,1,1000,40
219,109,218,119,63,12285254060,490,1,1000,40
220,110,221,265,2118,3302238,10000,5000,1000,144
221,110,220,2118,265,96697762,1000,1,1000,40
222,111,223,2124,282,19080867,1000,10,1000,14
223,111,222,282,2124,480919133,1,10,0,40
224,112,225,276,265,10233592,42,2,1000,42
225,112,224,265,276,489766408,10000,5000,1000,144
226,113,227,54,2002,6941828,1000,1,1000,144
227,113,226,2002,54,93058172,1000,1,1000,40
228,114,229,354,1442,649743047,1,1,1000,144
229,114,228,1442,354,7350256953,1000,1,1,40
230,115,231,343,344,414096349,1,1,1,18
231,115,230,344,343,16363118651,1,1,1,18
232,116,233,346,342,632164231,1,1,1,18
233,116,232,342,346,16145050769,1,1,1,18
234,117,235,160,1023,236950435,490,10,0,14
235,117,234,1023,160,16533049565,1000,10,0,34
236,118,237,1555,340,48923954,1000,1,1,40
237,118,236,340,1555,1151076046,1,1,1000,144
238,119,239,2219,344,6112075,1000,1,1,40
239,119,238,344,2219,493887925,1,1,1000,144
240,120,241,1475,675,294691705,1,1,1000,144
241,120,240,675,1475,7705308295,0,100,1,18
242,121,243,353,533,150568572,1,1,1000,144
243,121,242,533,353,1849431428,1000,1,1,40
244,122,245,77,1347,545273294,1000,1700,1000,30
245,122,244,1347,77,5454726706,100,1950,1000,288
246,123,247,369,160,49975861,1000,10,0,14
247,123,246,160,369,1950024139,490,10,0,14
248,124,249,2249,130,110122,1000,1,1000,40
249,124,248,130,2249,19889878,1,1,1000,40
250,125,251,360,2202,1831470,1000,1,1000,40
251,125,250,2202,360,18168530,1000,1,1000,40
252,126,253,1475,1477,884299001,1,1,1,18
253,126,252,1477,1475,15892915999,1,1,1,18
254,127,255,1302,513,61017012,1000,1,1000,40
255,127,254,513,1302,5938982988,0,1,1000,144
256,128,257,354,1262,4548803,1,1,1000,144
257,128,256,1262,354,95451197,1000,1,1,40
258,129,259,2216,58,72426770,1000,1,1000,40
259,129,258,58,2216,927573230,1000,1,1000,40
260,130,261,2313,348,5982940,1000,1,1,40
261,130,260,348,2313,94017060,1,1,1000,144
262,131,263,458,522,1035759,0,1,1000,144
263,131,262,522,458,98964241,1000,1,1000,40
264,132,265,692,345,528972382,1000,1,1,40
265,132,264,345,692,7471027618,1,1,1000,144
266,133,267,2248,2364,31623091,1000,1,0,40
267,133,266,2364,2248,968376909,1,1,1000,34
268,134,269,39,340,9156076,1000,10,1,14
269,134,268,340,39,90843924,1,1,0,144
270,135,271,2010,1321,93213404,36824,2,1000,34
271,135,270,1321,2010,906786596,1,1,0,40
272,136,273,139,2444,6472794,1000,1,1000,40
273,136,272,2444,139,226662206,1000,1,1000,40
274,137,275,105,2010,13599225,1000,1,0,40
275,137,274,2010,105,986400775,40868,1,1000,34
276,138,277,20,2466,64091775,1,250,1000,30
277,138,276,2466,20,733957225,1000,1,1,40
278,139,279,2467,344,25942871,1000,1,1,40
279,139,278,344,2467,296289129,1,1,1000,144
280,140,281,342,760,9316103,1,1,1000,144
281,140,280,760,342,232146897,1000,1,1,40
282,141,283,358,1298,18373011,1,1,1000,144
283,141,282,1298,358,480004989,1000,1,1,40
284,142,285,101,1501,5658692,1000,1,1000,40
285,142,284,1501,101,2494341308,334,1,1000,40
286,143,287,1082,347,1423157,1000,1,1,40
287,143,286,347,1082,19637843,1,1,1000,144
288,144,289,513,2501,24579100,0,1,1000,144
289,144,288,2501,513,975420900,1000,1,1000,40
290,145,291,326,618,51965262,1,1,1000,144
291,145,290,618,326,1274211738,1000,1,1,40
292,146,293,1555,1821,17067041,1000,1,1000,40
293,146,292,1821,1555,361172959,1000,1,1000,40
294,147,295,2531,513,40730964,1000,10,1000,14
295,147,294,513,2531,459269036,0,1,0,144
296,148,297,1022,70,99624689,1000,1,1000,40
297,148,296,70,1022,899639311,1000,1,1000,40
298,149,299,2521,347,288422325,1000,1,1,40
299,149,298,347,2521,4711577675,1,1,1000,144
300,150,301,2567,513,49645765,1000,1,1000,40
301,150,300,513,2567,450354235,0,1,1000,144
302,151,303,79,660,97305947,1000,1,1000,40
303,151,302,660,79,1902694053,1156,116,1000,40
304,152,305,46,5,1704865,1000,1,1000,40
305,152,304,5,46,37209135,1000,1,1000,40
306,153,307,46,457,60198976,1000,1,1000,40
307,153,306,457,46,919801024,199,199,1000,40
308,154,309,907,63,28112427,1000,1,1000,40
309,154,308,63,907,455012573,1000,1,1000,40
310,155,311,219,2610,83196878,2000,100,1000,200
311,155,310,2610,219,916803122,1,1,1000,40
312,156,313,171,2511,2684875,1000,1,1000,40
313,156,312,2511,171,337196125,5,1,1000,18
314,157,315,2650,2709,16199611,1000,1,1000,40
315,157,314,2709,2650,403800389,1000,1,1000,40
316,158,317,2218,77,18530261,1000,1000,1000,40
317,158,316,77,2218,383301739,1000,1700,1000,30
318,159,319,2758,77,14174044,0,1,1000,144
319,159,318,77,2758,135825956,1000,1700,1000,30
320,160,321,199,2,2363519,100,1,1,44
321,160,320,2,199,28973481,0,1000,1000,18
322,161,323,873,714,16676690,1000,1,1000,40
323,161,322,714,873,430125310,1000,1,1000,40
324,162,325,2,2030,31191294,0,1000,1000,18
325,162,324,2030,2,968808706,1000,1,1,40
326,163,327,265,2721,18141379,10000,5000,1000,144
327,163,326,2721,265,181858621,445,1,1000,40
328,164,329,354,2506,21536666,1,1,1000,144
329,164,328,2506,354,285771334,1000,1,1,40
330,165,331,219,231,35494867,2000,100,1000,200
331,165,330,231,219,964510133,100,1,1000,144
332,166,333,265,1324,49511957,10000,5000,1000,144
333,166,332,1324,265,450491043,1000,1,1000,40
334,167,335,2828,22,71230927,1000,1,1000,40
335,167,334,22,2828,674527073,1000,1,1000,40
336,168,337,2731,2010,73070463,5500,15,0,40
337,168,336,2010,2731,926929537,40674,4,1000,34
338,169,339,349,2859,1776186,1,1,1,144
339,169,338,2859,349,19791814,1,1,1000,40
340,170,341,468,619,4074091,1000,1,1000,40
341,170,340,619,468,92092909,1000,1,1000,40
342,171,343,2860,130,131247534,1000,50,1000,34
343,171,342,130,2860,1868752466,1,2,0,40
344,172,345,343,77,915222978,1,1,1000,144
345,172,344,77,343,15861992022,1000,1700,1,30
346,173,347,349,2911,442188290,1,1,1000,144
347,173,346,2911,349,4577811710,490,9,1,144
348,174,349,2222,219,109473993,1000,1,1,40
349,174,348,219,2222,4890526007,2000,100,1000,200
350,175,351,265,334,22529666,10000,5000,1000,144
351,175,350,334,265,477473334,1,1,1000,144
352,176,353,46,2944,27805385,1000,1,1000,40
353,176,352,2944,46,342576615,1000,1,1000,40
354,177,355,2640,2911,48942049,0,0,1,40
355,177,354,2911,2640,951057951,490,9,1000,144
356,178,357,373,2883,18774555,1000,1,1,40
357,178,356,2883,373,1981225445,1000,1,1000,40
358,179,359,2860,2687,142477580,1000,50,1000,34
359,179,358,2687,2860,3857522420,1000,10,0,144
360,180,361,160,513,177523602,490,10,1000,14
361,180,360,513,160,16599691398,0,1,0,144
362,181,363,2,3020,2216401,0,0,1000,18
363,181,362,3020,2,29120599,1000,1,1000,40
364,182,365,3023,130,84424449,1000,1,1000,40
365,182,364,130,3023,915575551,1000,1,1,40
366,183,367,222,3041,3577815,1000,990,1000,72
367,183,366,3041,222,143016185,1000,1,1000,40
368,184,369,660,2936,49243732,5000,500,1000,40
369,184,368,2936,660,1950756268,1000,1000,1000,40
370,185,371,354,3043,3229261,1,1,1000,144
371,185,370,3043,354,55213739,1000,1,1000,40
372,186,373,2661,3054,3537562,1000,1,1,40
373,186,372,3054,2661,96462438,1000,1,1000,40
374,187,375,476,1290,108724506,5000,500,1000,40
375,187,374,1290,476,1209275494,0,1,10000,30
376,188,377,3052,3064,248130815,1,1,1000,40
377,188,376,3064,3052,4751869185,1000,10,1,14
378,189,379,3065,281,634846,1000,1,1000,40
379,189,378,281,3065,29188154,0,100,1,24
380,190,381,3065,334,1590041,1000,1,1000,40
381,190,380,334,3065,27873959,1,1,1000,144
382,191,383,356,3060,11248476,1,1,1000,144
383,191,382,3060,356,188751524,1000,60,1,40
384,192,385,458,3084,873969,1000,1,1000,40
385,192,384,3084,458,44372031,1000,1,1000,40
386,193,387,3084,350,3271122,1000,1,1000,40
387,193,386,350,3084,42599878,1,1,1000,144
388,194,389,3111,95,6559946,1000,1,1000,40
389,194,388,95,3111,89310054,1000,1,1,40
390,195,391,3122,130,110519428,1,1,1000,40
391,195,390,130,3122,1889480572,1,1,1000,40
392,196,393,263,58,1402814158,1000,1,1000,40
393,196,392,58,263,15374400842,1000,1,1000,40
394,197,395,3144,46,15228320,1000,1,1000,40
395,197,394,46,3144,507334680,1000,1,1000,40
396,198,397,3114,2687,89280065,1000,1,1000,40
397,198,396,2687,3114,4910719935,1000,10,1000,144
398,199,399,356,3233,48513455,1,1,1000,144
399,199,398,3233,356,669795545,1000,1,1,40
400,200,401,2640,3317,2639989,0,0,1,40
401,200,400,3317,2640,97360011,0,0,1000,40
402,201,403,2640,3375,1245570,0,0,1,40
403,201,402,3375,2640,98754430,0,0,1000,40
404,202,405,177,2938,130821423,1000,100,1,144
405,202,404,2938,177,7869178577,1000,1,1000,40
406,203,407,358,3417,74142164,1,1,1000,144
407,203,406,3417,358,925857836,10,2,1,40
408,204,409,177,3164,9382114353,1000,100,1,144
409,204,408,3164,177,90617885647,5000,1000,1000,200
410,205,411,1940,21,5182773,1000,100,1000,40
411,205,410,21,1940,56495227,1000,1,1000,40
412,206,413,46,3269,118428018,1000,1,1000,40
413,206,412,3269,46,15781571982,10,10,1000,40
414,207,415,3464,58,866347166,490,1,1000,40
415,207,414,58,3464,15910867834,1000,1,1000,40
416,208,417,3472,3124,14111771,1000,1,1000,40
417,208,416,3124,3472,183363229,1000,1,1000,40
418,209,419,334,177,1294451701,1,1,1000,144
419,209,418,177,334,15482763299,1000,750,1,144
420,210,421,2010,3464,1198353844,0,838,1,34
421,210,420,3464,2010,15578861156,490,1,1000,40
422,211,423,3048,177,131590903,1000,1,1000,40
423,211,422,177,3048,2418409097,1000,100,1,144
424,212,425,46,3269,1613412205,1000,1,1000,40
425,212,424,3269,46,14986587795,1000,1,1000,40
426,213,427,150,3567,6817674,99,1,1000,144
427,213,426,3567,150,325356326,1000,1,1000,40
428,214,429,3569,33,1986579,1000,1,1000,40
429,214,428,33,3569,95222421,0,0,1,40
430,215,431,3584,326,577862535,1000,1,1000,40
431,215,430,326,3584,9422137465,1,1,1000,144
432,216,433,2254,77,13966147,20,1,1000,22
433,216,432,77,2254,549382853,1000,1700,1000,30
434,217,435,177,151,1487161646,1000,100,1,144
435,217,434,151,177,15290053354,2,2,1,144
436,218,437,2687,1833,571093422,1000,10,1000,144
437,218,436,1833,2687,5177791578,1000,10,1,34
438,219,439,698,76,23486932,198,100,1000,30
439,219,438,76,698,226513068,1000,1,1,40
440,220,441,46,3269,30183714,1000,1,1000,40
441,220,440,3269,46,11109816286,1000,1,1000,40
442,221,443,3660,276,216296666,1000,1,1,40
443,221,442,276,3660,2783703334,92,41,1000,42
444,222,445,3440,3260,161455546,1000,225,1000,40
445,222,444,3260,3440,1838544454,0,899,1000,60
446,223,447,346,2943,1507112,1,1,1000,144
447,223,446,2943,346,55703888,1000,1,1,40
448,224,449,3610,2348,197891559,1000,1,1000,40
449,224,448,2348,3610,1802108441,1000,100,1000,40
450,225,451,3670,1436,390682724,0,1,1000,40
451,225,450,1436,3670,4609317276,1000,2500,1000,40
452,226,453,3675,177,61794685,1000,200,1000,40
453,226,452,177,3675,938205315,1000,100,1,144
454,227,455,476,2427,62497854,5000,500,1000,40
455,227,454,2427,476,2020485146,2000,2000,10000,40
456,228,457,3700,130,84350172,1000,1,1000,40
457,228,456,130,3700,915649828,1,1,1000,40
458,229,459,468,2687,1533752056,1000,1,1000,40
459,229,458,2687,468,15177358944,1000,10,1000,144
460,230,461,2995,3708,28459886,0,3,1000,144
461,230,460,3708,2995,971540114,20,155,1000,40
462,231,463,1259,77,39657396,1000,1,1000,40
463,231,462,77,1259,525974604,1000,1700,1000,30
464,232,465,2427,400,714260373,2000,2000,1000,40
465,232,464,400,2427,9285739627,1000,1,1000,40
466,233,467,3726,340,1015584,0,0,1000,40
467,233,466,340,3726,28975416,1,1,1000,144
468,234,469,2427,334,138522484,2000,2000,1000,40
469,234,468,334,2427,1539177516,1,1,1000,144
470,235,471,2120,3777,13879,1000,1,1000,40
471,235,470,3777,2120,44987121,1000,1,1000,40
472,236,473,3726,937,2069616,0,0,1000,40
473,236,472,937,3726,19350384,1000,1,1000,40
474,237,475,3741,177,360664944,800,2,1000,40
475,237,474,177,3741,3639335056,1000,100,1,144
476,238,477,3817,3164,365361120,1000,1,1000,40
477,238,476,3164,3817,4634638880,5000,1000,1000,200
478,239,479,3826,177,216637840,1000,1,1000,40
479,239,478,177,3826,2783362160,1000,100,1,144
480,240,481,79,3449,207157507,1000,1,1000,40
481,240,480,3449,79,4792842493,1000,35,1000,40
482,241,483,2282,3828,15400327,10,800,1,144
483,241,482,3828,2282,184599673,0,0,1000,40
484,242,485,3845,368,16371964,1000,10,1,14
485,242,484,368,3845,333628036,1000,1,1000,40
486,243,487,660,3164,818495628,5000,500,1000,40
487,243,486,3164,660,9181504372,5000,1000,1000,200
488,244,489,1023,3449,29904973,1000,10,1,34
489,244,488,3449,1023,4970095027,1000,35,1000,40
490,245,491,46,3822,21399648,1000,1,1,40
491,245,490,3822,46,278600352,1000,1,1000,40
492,246,493,468,3269,85962442,1000,1,1000,40
493,246,492,3269,468,7554037558,1000,1,1000,40
494,247,495,2687,3074,187344465,1000,10,1000,144
495,247,494,3074,2687,4812655535,10,100,1000,420
496,248,497,3232,3074,47416081,1000,1,1000,40
497,248,496,3074,3232,452583919,10,100,1000,420
498,249,499,377,3919,19157824,1000,1,1000,40
499,249,498,3919,377,214965176,1000,499,1000,40
500,250,501,3919,177,7067082,1000,499,1000,40
501,250,500,177,3919,227374918,1000,100,1,144
502,251,503,326,3942,370533826,1,1,1000,144
503,251,502,3942,326,4629466174,1000,595,1000,40
504,252,505,3735,2485,21453163,1000,1,1000,40
505,252,504,2485,3735,478546837,1000,1,1000,400
506,253,507,3775,556,18599063,1000,1,1000,40
507,253,506,556,3775,351400937,1000,1,1000,40
508,254,509,3899,151,32393842,10000,5,1000,40
509,254,508,151,3899,467606158,2,2,1,144
510,255,511,1777,3990,5846292,1000,100,1000,40
511,255,510,3990,1777,294153708,1000,1,1000,40
512,256,513,3431,4000,2385805,1000,1,1000,40
513,256,512,4000,3431,41505195,1000,1,1000,40
514,257,515,3995,1476,191219341,1000,1,1000,40
515,257,514,1476,3995,4308780659,1,1,1000,144
516,258,517,3996,70,131324795,1000,1,1000,40
517,258,516,70,3996,4368675205,1000,1,1,40
518,259,519,2687,3542,853110841,1000,10,1000,144
519,259,518,3542,2687,11146889159,499,89,1000,75
520,260,521,3898,177,46755155,1000,1,1000,40
521,260,520,177,3898,4538590845,1000,100,1,144
522,261,523,4056,281,27859977,1000,1,1000,40
523,261,522,281,4056,496373023,0,100,1000,24
524,262,525,346,4088,1376652,1,1,1000,144
525,262,524,4088,346,20623348,1000,1,1000,40
526,263,527,79,1436,290046437,1000,1,1000,40
527,263,526,1436,79,12533876563,1000,2500,1000,40
528,264,529,468,2994,768514,1000,1,1000,40
529,264,528,2994,468,499231486,1000,1,1000,40
530,265,531,4103,109,160942,1000,1,1000,40
531,265,530,109,4103,19839058,1000,1,1000,40
532,266,533,46,4037,71590858,1000,1,1000,40
533,266,532,4037,46,938409142,1000,1,1000,40
534,267,535,2687,4128,146279028,1000,10,1000,144
535,267,534,4128,2687,4853720972,1000,1,1000,40
536,268,537,3187,4076,40942432,1000,1,1000,40
537,268,536,4076,3187,459057568,1000,1,1000,40
538,269,539,3653,350,499342238,1000,1,1000,40
539,269,538,350,3653,9500657762,1,1,1000,144
540,270,541,76,63,40837410,1000,1,1000,40
541,270,540,63,76,959162590,1000,1,1000,40
542,271,543,4134,3164,226274994,1000,1,1000,40
543,271,542,3164,4134,4773725006,5000,1000,1000,200
544,272,545,3269,513,62892960,10000,5000,1000,40
545,272,544,513,3269,937107040,10000,5000,1000,40
546,273,547,1041,77,2499064,0,10,1000,40
547,273,546,77,1041,1997500936,1000,1,1,40
548,274,549,2427,326,671725246,2000,2000,1000,40
549,274,548,326,2427,9328274754,1,1,1000,144
550,275,551,46,820,940982,1000,1,1000,40
551,275,550,820,46,430755018,1000,1,1000,40
552,276,553,177,4230,6697642,1000,100,1,144
553,276,552,4230,177,93302358,1000,1,1000,40
554,277,555,3821,227,47851275,1000,1,1000,40
555,277,554,227,3821,952148725,0,0,1000,29
556,278,557,352,4249,4774407,1,1,1000,144
557,278,556,4249,352,78997593,1000,1,1000,40
558,279,559,1986,17,8985044,800,1,1000,40
559,279,558,17,1986,1191014956,1000,1,1000,40
560,280,561,1426,130,14153958,1000,200,1000,40
561,280,560,130,1426,1985846042,1,1,1000,40
562,281,563,907,1654,153169509,1000,1,1000,40
563,281,562,1654,907,1956830491,1000,1,1000,40
564,282,565,4252,1892,1869422,1000,1,1000,40
565,282,564,1892,4252,108376578,1000,500,1000,40
566,283,567,3187,716,18554543,0,40,1000,40
567,283,566,716,3187,481445457,0,40,1000,40
568,284,569,4171,177,31480115,1000,1,1000,40
569,284,568,177,4171,518519885,1000,100,1,144
570,285,571,1618,4181,68606016,1000,1,1000,40
571,285,570,4181,1618,2231393984,1000,1,1000,40
572,286,573,4287,58,44276593,1000,150,1000,40
573,286,572,58,4287,455723407,1000,1,1000,40
574,287,575,4181,4290,1625999,1000,1,1000,40
575,287,574,4290,4181,28374001,500,1,1000,40
576,288,577,1080,4308,63803703,1000,1,1000,40
577,288,576,4308,1080,936196297,1000,1,1000,40
578,289,579,4287,2640,122944929,1000,150,1000,40
579,289,578,2640,4287,1877055071,1000,1,1000,40
580,290,581,468,4324,79472313,1000,1,1000,40
581,290,580,4324,468,920527687,1000,95,1000,40
582,291,583,4225,4131,48090157,1000,1,1000,40
583,291,582,4131,4225,2739595843,1000,1,1000,40
584,292,585,3200,4131,201566236,500,5,1000,40
585,292,584,4131,3200,2584897764,1000,1,1000,40
586,293,587,381,2,2896392,1000,1,1000,40
587,293,586,2,381,28440608,0,0,1000,18
588,294,589,1777,4337,9928234,1000,100,1000,40
589,294,588,4337,1777,90071766,1000,1,1000,40
590,295,591,4332,3187,175765544,1000,10,1000,40
591,295,590,3187,4332,1824234456,1000,10,1000,40
592,296,593,2648,347,444224513,1000,1,1000,40
593,296,592,347,2648,4555775487,1,1,1000,144
594,297,595,468,201,644821894,1000,1,1000,40
595,297,594,201,468,16066289106,100,1000,1,50
596,298,597,4385,3431,2960595,1000,1,1000,40
597,298,596,3431,4385,104962405,1000,1,1000,40
598,299,599,54,4400,154679,1000,1,1000,40
599,299,598,4400,54,34845321,1000,1,1000,40
600,300,601,1698,368,23773843,1000,10,1,34
601,300,600,368,1698,1976226157,1000,1,1000,40
602,301,603,1791,4411,451086438,1000,50,1000,40
603,301,602,4411,1791,14548913562,1000,1,1000,40
604,302,605,1853,2,9505150,1000,1,1000,40
605,302,604,2,1853,340494850,0,1000,1000,18
606,303,607,2,628,3233453,0,1000,1000,18
607,303,606,628,2,346766547,1000,1,1000,40
608,304,609,4414,4346,128638988,0,0,1000,40
609,304,608,4346,4414,15871361012,0,0,1000,40
610,305,611,358,3636,327364604,1,1,1000,144
611,305,610,3636,358,4672635396,2000,1700,1000,40
612,306,613,3708,3269,622824116,20,5,1000,40
613,306,612,3269,3708,9377175884,1000,1,1000,40
614,307,615,4448,151,13855580,10,1,1000,40
615,307,614,151,4448,486144420,2,0,1,144
616,308,617,360,3684,36008994,1000,1,1000,40
617,308,616,3684,360,384783006,1000,1,1000,40
618,309,619,4414,2729,28167072,2000,822,1000,40
619,309,618,2729,4414,2471832928,1000,1,1000,40
620,310,621,243,2829,21055932,1000,1,1000,40
621,310,620,2829,243,653071068,1000,10,1,34
622,311,623,3726,4414,146932837,1000,1,1000,40
623,311,622,4414,3726,2353067163,2000,263,1000,40
624,312,625,468,4287,10150720,1000,1,1000,40
625,312,624,4287,468,989849280,1000,150,1000,40
626,313,627,3297,326,263723978,1000,1,1000,40
627,313,626,326,3297,9736276022,1,1,1000,144
628,314,629,3784,4346,192713976,1000,1,1000,34
629,314,628,4346,3784,2307286024,2000,574,1000,40
630,315,631,4171,4483,15054549,1000,1,1000,40
631,315,630,4483,4171,474945451,25,200,1,34
632,316,633,2829,2449,46357390,1000,10,1,34
633,316,632,2449,2829,742189610,1000,1,1000,40
634,317,635,4486,368,113465495,1000,10,1000,144
635,317,634,368,4486,9874393505,1000,1,1000,40
636,318,637,4388,3445,25261044,2000,257,1000,40
637,318,636,3445,4388,2474738956,1000,1,1000,40
638,319,639,87,2179,223534336,1,48,1000,16
639,319,638,2179,87,2263157664,1000,1,0,40
640,320,641,46,4499,10407519,1000,1,1000,40
641,320,640,4499,46,193106481,1000,1,1000,40
642,321,643,4414,3627,63349349,2000,1435,1000,40
643,321,642,3627,4414,2436650651,10,350,1000,40
644,322,645,4523,4254,1782761,1000,1,1000,40
645,322,644,4254,4523,98217239,1000,1,1000,40
646,323,647,4478,3055,234152,800,1,1000,40
647,323,646,3055,4478,199765848,1000,1,1000,40
648,324,649,3297,586,82228565,1000,1,1000,40
649,324,648,586,3297,917771435,1000,1,1000,40
650,325,651,4435,219,366317553,380,180,1000,40
651,325,650,219,4435,14633682447,4000,700,1000,200
652,326,653,4254,4549,1546482,1000,1,1000,40
653,326,652,4549,4254,98453518,1000,1,1000,40
654,327,655,4523,4380,18578954,1000,1,1000,40
655,327,654,4380,4523,190171046,1000,1,1000,40
656,328,657,468,4570,9962079,1000,1,1000,40
657,328,656,4570,468,90037921,1000,1,1000,40
658,329,659,292,2061,18272086,1000,1,1000,40
659,329,658,2061,292,728607914,1000,1,1000,40
660,330,661,2358,4582,17015330,1000,1,1000,40
661,330,660,4582,2358,280172670,1000,1,1000,40
662,331,663,4579,4414,21772374,1000,1,1000,40
663,331,662,4414,4579,2478227626,2000,262,1000,40
664,332,665,4280,156,65531536,1000,1700,1000,40
665,332,664,156,4280,734468464,1000,1,1000,40
666,333,667,2349,3874,67644559,1000,1,1000,40
667,333,666,3874,2349,932355441,1000,1,1000,40
668,334,669,1777,4666,650507,1000,100,1000,40
669,334,668,4666,1777,49349493,1000,1,1000,40
670,335,671,4623,414,73964360,1000,1,1000,40
671,335,670,414,4623,926035640,1,1,1000,144
672,336,673,54,4368,15839231,1000,1,1000,40
673,336,672,4368,54,232821769,1000,888,1000,40
674,337,675,3297,334,1694529,1000,1,1000,40
675,337,674,334,3297,398305471,1,1,1000,144
676,338,677,46,344,812927332,1000,1,1000,40
677,338,676,344,46,9187072668,1,1,1000,144
678,339,679,4596,4324,186696644,1000,70,1000,40
679,339,678,4324,4596,1813303356,1000,95,1000,40
680,340,681,2,4551,2422324,0,1000,1000,18
681,340,680,4551,2,97577676,1000,1,1,34
682,341,683,2,3845,1922665,0,1000,1000,18
683,341,682,3845,2,59414335,1000,10,1,14
684,342,685,4598,4048,209217592,1000,10,1,34
685,342,684,4048,4598,4790782408,1000,1,1000,40
686,343,687,2,4404,1132408,0,1000,1000,18
687,343,686,4404,2,60204592,1000,10,1,34
688,344,689,4100,4738,7420122,1000,1,1000,40
689,344,688,4738,4100,92579878,0,1,1000,40
690,345,691,4100,4747,7105072,0,1,1000,40
691,345,690,4747,4100,92894928,0,1,1000,40
692,346,693,440,33,44744717,1000,1,1000,40
693,346,692,33,440,593349283,0,0,1,40
694,347,695,4703,3164,316039399,1000,1,1000,40
695,347,694,3164,4703,4683960601,5000,1000,1000,200
696,348,697,4802,4560,762763,1000,1,1000,40
697,348,696,4560,4802,19237237,1000,1,1000,40
698,349,699,4100,4193,82608724,1000,1,1000,40
699,349,698,4193,4100,917391276,1,1,1000,40
700,350,701,4254,2,14544936,1000,1,1000,40
701,350,700,2,4254,318503064,0,0,1000,18
702,351,703,1115,2,2487389,1000,1,1000,40
703,351,702,2,1115,300107611,0,1000,1000,18
704,352,705,4193,161,46647925,1,1,1000,40
705,352,704,161,4193,953352075,431,1,1,14
706,353,707,4843,17,1426643257,1000,2500,1000,40
707,353,706,17,4843,28573356743,1000,1,1000,40
708,354,709,4016,475,574265135,1000,2250,1000,40
709,354,708,475,4016,14425734865,1,1,1000,40
710,355,711,3990,177,71624904,5000,1,1000,40
711,355,710,177,3990,726483096,1000,100,1,144
712,356,713,4690,667,41790045,1000,10,0,14
713,356,712,667,4690,458209955,1000,10,0,34
714,357,715,4814,151,31780102,1000,1,1000,40
715,357,714,151,4814,468219898,2,0,1,144
716,358,717,2427,2515,52160374,2000,2000,1000,40
717,358,716,2515,2427,949043626,5073,303,1,28
718,359,719,4598,1501,98043689,1000,10,1,34
719,359,718,1501,4598,901956311,334,1,1000,40
720,360,721,4749,79,114339834,1,100,1000,40
721,360,720,79,4749,3885660166,1000,1,1000,40
722,361,723,4843,63,163533269,1000,2500,1000,40
723,361,722,63,4843,19836466731,1000,1,1000,40
724,362,725,4346,2594,310669484,2000,764,1000,40
725,362,724,2594,4346,3689330516,500,60,1000,40
726,363,727,4225,3843,91556349,1000,1,1000,40
727,363,726,3843,4225,1408443651,1000,1,1000,40
728,364,729,4897,4991,7308087,0,0,1000,40
729,364,728,4991,4897,92691913,0,0,1000,40
730,365,731,4897,5034,204208,0,0,1000,40
731,365,730,5034,4897,99795792,0,0,1000,40
732,366,733,5035,4897,50044377,0,0,1000,40
733,366,732,4897,5035,949955623,0,0,1000,40
734,367,735,3735,2558,160557334,1000,1,1000,40
735,367,734,2558,3735,5599847666,1000,1,1000,40
736,368,737,907,3450,728003857,1000,1,1000,40
737,368,736,3450,907,6671996143,247,48,1000,39
738,369,739,292,3994,20404419,1000,1,1000,40
739,369,738,3994,292,356341581,1000,1,1000,40
740,370,741,3545,660,78668091,0,1800,1000,40
741,370,740,660,3545,2926331909,3095,309,1000,40
742,371,743,468,5094,8992478,1000,1,1000,40
743,371,742,5094,468,141007522,1000,1,1000,40
744,372,745,4100,5108,2536562,1000,1,1000,40
745,372,744,5108,4100,97463438,0,1,1000,40
746,373,747,2064,1710,59800194,0,0,1000,40
747,373,746,1710,2064,543048806,0,900,1,144
748,374,749,160,673,53209846,490,10,1000,14
749,374,748,673,160,729630154,1000,1,0,40
750,375,751,4388,5130,81578885,1000,500,1000,40
751,375,750,5130,4388,1655612115,1000,1,1000,40
752,376,753,5160,177,6351087,0,1,1000,20
753,376,752,177,5160,113648913,1000,100,1,144
754,377,755,4254,5146,6697832,1000,1,1000,40
755,377,754,5146,4254,93302168,1000,1,1000,40
756,378,757,5120,2,7044426,1000,1,1000,40
757,378,756,2,5120,64292574,0,1000,1000,18
758,379,759,150,4856,5955768,99,1,1000,40
759,379,758,4856,150,94044232,1000,1,1000,40
760,380,761,162,3164,974816892,1000,1,1000,40
761,380,760,3164,162,36025183108,1000,1,1000,40
762,381,763,5157,86,529667066,422,1,1,34
763,381,762,86,5157,5001715934,34,849,1000,40
764,382,765,371,5150,3648340,1000,1,1,34
765,382,764,5150,371,96351660,1000,3,1000,40
766,383,767,356,5157,572459755,1,1,1000,144
767,383,766,5157,356,5827072245,2,2,1,34
768,384,769,4100,5270,3252548,1000,1,1000,40
769,384,768,5270,4100,96747452,0,1,1000,40
770,385,771,335,389,200403491,1000,23,1000,40
771,385,770,389,335,4799596509,5000,10,1000,40
772,386,773,5161,282,685344266,1000,1,1000,40
773,386,772,282,5161,9314655734,10,20,1000,40
774,387,775,4388,194,344604712,2000,583,1000,40
775,387,774,194,4388,9655395288,1000,10,1,34
776,388,777,5138,130,369890476,1000,1,1000,40
777,388,776,130,5138,4630109524,1,21,1000,40
778,389,779,5157,1119,91534524,330,1,1,34
779,389,778,1119,5157,1189761476,1000,1,1000,40
780,390,781,3676,267,275069,1000,1,1000,40
781,390,780,267,3676,24053931,1000,1,1000,40
782,391,783,4100,5336,5141893,1000,1,1000,40
783,391,782,5336,4100,84858107,0,1,1000,40
784,392,785,3708,5142,235025492,27,184,1000,40
785,392,784,5142,3708,4764974508,0,12,1000,42
786,393,787,410,4403,66505874,199,199,1000,40
787,393,786,4403,410,933494126,500,1000,1,34
788,394,789,5354,5357,5971518,1000,1,1000,40
789,394,788,5357,5354,94028482,1000,1,1000,40
790,395,791,2282,2524,116273297,10,800,1,144
791,395,790,2524,2282,1276859703,1000,1,1000,40
792,396,793,5420,5366,9573476,1000,1,1000,40
793,396,792,5366,5420,90426524,1000,1,1000,40
794,397,795,4333,2729,55685678,1000,45,1000,40
795,397,794,2729,4333,944314322,1000,1,1000,40
796,398,797,46,1284,263415873,1000,1,1000,40
797,398,796,1284,46,3297794127,100,100,1000,40
798,399,799,5442,344,7991681,1000,1,1000,40
799,399,798,344,5442,166639319,1,1,1000,144
800,400,801,4897,5454,9668388,1000,1,1000,40
801,400,800,5454,4897,90331612,1000,1,1000,40
802,401,803,431,77,70543601,1000,1,1000,40
803,401,802,77,431,3929456399,1000,1700,1000,40
804,402,805,4648,5496,4428408,1000,1,1000,40
805,402,804,5496,4648,95571592,1000,1,1000,40
806,403,807,2739,4862,5642095,37,37,1000,37
807,403,806,4862,2739,319870905,1000,1,1000,40
808,404,809,468,4414,2264809688,1000,1,1000,40
809,404,808,4414,468,27735190312,2000,794,1000,40
810,405,811,160,3661,44656868,490,10,1,14
811,405,810,3661,160,955343132,1000,1,1000,40
812,406,813,3030,3691,8905588,1000,1,1000,40
813,406,812,3691,3030,148185412,1000,1,1000,40
814,407,815,1371,2212,36534638,1975,213,1000,144
815,407,814,2212,1371,1538480362,1,1,1,34
816,408,817,3464,5078,2824233,1000,1,1000,40
817,408,816,5078,3464,87175767,1000,1,1000,40
818,409,819,5582,86,76935181,1000,1,1000,40
819,409,818,86,5582,1923064819,20,1000,1000,40
820,410,821,5609,2656,1393852,1000,1,1000,40
821,410,820,2656,5609,18606148,1000,1,1000,40
822,411,823,5258,3743,112454200,2000,120,1000,25
823,411,822,3743,5258,2387545800,1000,1,1000,40
824,412,825,5647,400,61137709,1000,1,1000,40
825,412,824,400,5647,788862291,1000,1,1000,40
826,413,827,282,4864,5490526,10,20,1000,40
827,413,826,4864,282,74509474,1000,1,1000,40
828,414,829,2493,130,44271527,1000,1,1000,40
829,414,828,130,2493,965505473,1,1,1000,40
830,415,831,1205,5626,1242078,1000,1,1000,40
831,415,830,5626,1205,18757922,1000,1,1000,40
832,416,833,2172,1324,1290229,1000,1,1000,40
833,416,832,1324,2172,498709771,1000,1,1000,40
834,417,835,4100,4845,309822906,1000,1,1000,40
835,417,834,4845,4100,2995177094,1000,1,1000,40
836,418,837,4014,2782,56543606,2000,10,1000,40
837,418,836,2782,4014,943456394,1000,1,1000,40
838,419,839,746,5720,81842161,166,1,1000,40
839,419,838,5720,746,918157839,166,1,1000,40
840,420,841,2515,77,43367459,21515,1286,1000,28
841,420,840,77,2515,634233541,1000,1700,1000,40
842,421,843,968,227,6912746,500,100,1000,40
843,421,842,227,968,463587254,0,0,1000,29
844,422,845,5258,177,196710609,2000,120,1000,25
845,422,844,177,5258,2053289391,1000,100,1,144
846,423,847,2687,4486,263033947,1000,1,1000,40
847,423,846,4486,2687,3736966053,1000,10,1000,144
848,424,849,87,3976,28864498,1,48,1000,24
849,424,848,3976,87,442836502,1000,1,1000,40
850,425,851,4889,194,82860,1000,250,1000,40
851,425,850,194,4889,199917140,1000,10,1,34
852,426,853,468,2857,5249913,1000,1,1000,40
853,426,852,2857,468,215552087,1000,1,1000,40
854,427,855,3553,3074,26461294,1,1,1000,40
855,427,854,3074,3553,473538706,10,100,1000,420
856,428,857,5747,4225,58700146,1000,1,1000,40
857,428,856,4225,5747,641299854,1000,1,1000,40
858,429,859,177,5786,2207808,1000,100,1,144
859,429,858,5786,177,787792192,1000,1,1000,40
860,430,861,2687,5788,1373796396,1000,1,1000,40
861,430,860,5788,2687,13626203604,1000,1,1000,40
862,431,863,46,5226,284431299,1000,1,1000,40
863,431,862,5226,46,3715568701,1000,1,1000,40
864,432,865,5741,5078,4424867,1000,1,1000,40
865,432,864,5078,5741,45575133,1000,1,1000,40
866,433,867,1193,1436,1305713014,1000,1,1000,40
867,433,866,1436,1193,13694286986,1000,2500,1000,40
868,434,869,4254,5759,23646440,1000,1,1000,40
869,434,868,5759,4254,226353560,1000,1,1000,40
870,435,871,4100,5831,8187610,1000,1,1000,40
871,435,870,5831,4100,81812390,1000,1,1000,40
872,436,873,5747,520,46528664,1000,1,1000,40
873,436,872,520,5747,453471336,69420,69,1000,40
874,437,875,4254,5810,7032702,1000,1,1000,40
875,437,874,5810,4254,92967298,1000,1,1000,40
876,438,877,4254,5853,672553,1000,1,1000,40
877,438,876,5853,4254,99327447,1000,1,1000,40
878,439,879,2,2355,3029758,0,1000,1000,18
879,439,878,2355,2,68307242,1000,10,1,34
880,440,881,4254,4683,96140587,1000,1,1000,40
881,440,880,4683,4254,903859413,0,10,1000,40
882,441,883,410,989,69809046,199,199,1000,40
883,441,882,989,410,2430190954,1000,1,1000,40
884,442,885,410,161,165025789,199,199,1000,40
885,442,884,161,410,2334974211,431,1,1,14
886,443,887,5079,5903,3972750,1000,1,1000,40
887,443,886,5903,5079,46027250,1000,1,1000,40
888,444,889,326,1890,749807,1,1,1000,144
889,444,888,1890,326,37862193,1000,1,1,40
890,445,891,5922,177,15125785,1000,1,1000,40
891,445,890,177,5922,184874215,1000,100,1,144
892,446,893,520,212,54340977,69420,69,1000,40
893,446,892,212,520,612325023,1000,1,1000,40
894,447,895,3961,475,368096487,1000,1,1000,40
895,447,894,475,3961,4631903513,1,8000,1000,40
896,448,897,4598,3899,34241748,1000,10,1,34
897,448,896,3899,4598,865758252,1000,1,1000,40
898,449,899,4598,4280,663795457,1000,10,1000,34
899,449,898,4280,4598,9336204543,1000,1700,1000,40
900,450,901,1842,520,57403093,50,2,1000,40
901,450,900,520,1842,609262907,69420,69,1000,40
902,451,903,5812,3115,53219288,500,400,1000,40
903,451,902,3115,5812,955379712,1000,1,1000,40
904,452,905,410,1791,243302229,199,199,1000,40
905,452,904,1791,410,9756697771,1000,50,1000,40
906,453,907,468,5742,6503767,1000,1,1000,40
907,453,906,5742,468,93496233,1000,1,1000,40
908,454,909,5464,3976,93481585,1000,100,1000,40
909,454,908,3976,5464,2906518415,1000,1,1000,40
910,455,911,468,3976,933217,1000,1,1000,40
911,455,910,3976,468,7499066783,1000,1,1000,40
912,456,913,238,3074,985248,1000,1,1000,40
913,456,912,3074,238,194988752,10,100,1000,420
