id,edge1,edge2,node1,node2,capacity,is_closed
0,0,1,3,25,100000000,0
1,2,3,33,39,100000000,0
2,4,5,46,51,20000000,0
3,6,7,54,55,89141000,0
4,8,9,79,63,300000000,0
5,10,11,54,46,267361000,0
6,12,13,147,2,399878000,0
7,14,15,46,165,100000000,0
8,16,17,194,40,5000000000,0
9,18,19,156,77,1098273000,0
10,20,21,54,196,263464000,0
11,22,23,54,145,250000000,0
12,24,25,62,194,1000000000,0
13,26,27,160,206,700000000,0
14,28,29,208,130,56000000,0
15,30,31,87,119,3874729000,0
16,32,33,54,238,536970000,0
17,34,35,279,130,326929000,0
18,36,37,323,282,77118000,0
19,38,39,326,332,16777215000,0
20,40,41,115,273,121788000,0
21,42,43,95,334,16777215000,0
22,44,45,335,86,2000000000,0
23,46,47,24,337,600000000,0
24,48,49,344,332,9000000000,0
25,50,51,353,340,9000000000,0
26,52,53,358,347,9000000000,0
27,54,55,353,361,9000000000,0
28,56,57,349,343,9000000000,0
29,58,59,364,358,9000000000,0
30,60,61,349,359,9000000000,0
31,62,63,171,359,16777215000,0
32,64,65,342,350,16777215000,0
33,66,67,352,326,16777215000,0
34,68,69,141,343,16777215000,0
35,70,71,5,332,16777215000,0
36,72,73,54,382,5000000000,0
37,74,75,46,342,16777215000,0
38,76,77,343,58,16777215000,0
39,78,79,358,58,16777215000,0
40,80,81,76,359,250000000,0
41,82,83,394,40,1000000000,0
42,84,85,31,2,100000000,0
43,86,87,94,371,500000000,0
44,88,89,410,54,255868000,0
45,90,91,267,251,26347000,0
46,92,93,207,340,16777215000,0
47,94,95,412,348,100000000,0
48,96,97,54,394,100000000,0
49,98,99,288,332,200000000,0
50,100,101,326,130,3000000000,0
51,102,103,236,400,470000000,0
52,104,105,266,4,200000000,0
53,106,107,266,8,500000000,0
54,108,109,286,400,837219000,0
55,110,111,468,469,100000000,0
56,112,113,349,461,100000000,0
57,114,115,478,326,50000000,0
58,116,117,58,480,2000000000,0
59,118,119,139,484,1000000000,0
60,120,121,484,282,1000000000,0
61,122,123,487,350,400000000,0
62,124,125,54,501,300000000,0
63,126,127,353,392,7141194000,0
64,128,129,519,520,1500000000,0
65,130,131,10,332,1000000000,0
66,132,133,513,535,1000000000,0
67,134,135,54,538,20000000,0
68,136,137,540,355,198062000,0
69,138,139,10,551,200000000,0
70,140,141,501,109,700000000,0
71,142,143,220,513,5000000000,0
72,144,145,2,370,100000000,0
73,146,147,141,627,522000000,0
74,148,149,520,627,522000000,0
75,150,151,581,79,100000000,0
76,152,153,582,513,1500000000,0
77,154,155,513,650,300000000,0
78,156,157,431,350,300872000,0
79,158,159,54,664,408213000,0
80,160,161,513,642,3000000000,0
81,162,163,334,667,16777215000,0
82,164,165,54,669,363544000,0
83,166,167,54,8,330000000,0
84,168,169,350,682,2500000000,0
85,170,171,49,673,629808000,0
86,172,173,58,716,500000000,0
87,174,175,359,340,16777215000,0
88,176,177,2,606,337221000,0
89,178,179,98,1,399972000,0
90,180,181,320,332,61000000,0
91,182,183,350,466,9000000000,0
92,184,185,220,660,500000000,0
93,186,187,139,755,300000000,0
94,188,189,769,326,9000000000,0
95,190,191,54,774,354613000,0
96,192,193,777,781,1000000000,0
97,194,195,58,634,630000000,0
98,196,197,410,220,1000000000,0
99,198,199,400,772,254148000,0
100,200,201,586,513,20000000,0
101,202,203,458,451,2000000000,0
102,204,205,296,829,200000000,0
103,206,207,353,511,100000000,0
104,208,209,46,839,5000000000,0
105,210,211,46,840,300000000,0
106,212,213,58,414,1000000000,0
107,214,215,184,855,2600000000,0
108,216,217,747,384,3488158000,0
109,218,219,739,864,100000000,0
110,220,221,191,854,20000000,0
111,222,223,54,877,324985000,0
112,224,225,31,282,1500000000,0
113,226,227,477,58,130000000,0
114,228,229,2,109,4000000000,0
115,230,231,875,513,6000000000,0
116,232,233,888,348,100000000,0
117,234,235,513,892,4300000000,0
118,236,237,87,477,120000000,0
119,238,239,177,910,300000000,0
120,240,241,913,359,9000000000,0
121,242,243,912,513,1000000000,0
122,244,245,2,909,500000000,0
123,246,247,922,362,2000000000,0
124,248,249,63,925,300000000,0
125,250,251,702,340,2000000000,0
126,252,253,939,359,2000000000,0
127,254,255,628,345,2000000000,0
128,256,257,948,354,600000000,0
129,258,259,953,349,299795000,0
130,260,261,54,963,3000000000,0
131,262,263,16,342,924343000,0
132,264,265,667,344,6399649000,0
133,266,267,98,347,536064000,0
134,268,269,343,451,500000000,0
135,270,271,1004,345,99395000,0
136,272,273,475,344,1296478000,0
137,274,275,62,345,8580433000,0
138,276,277,332,1009,100000000,0
139,278,279,418,1010,22194000,0
140,280,281,513,1012,100000000,0
141,282,283,359,1004,100000000,0
142,284,285,979,141,100000000,0
143,286,287,400,962,300000000,0
144,288,289,802,326,1963329000,0
145,290,291,1035,282,2000000000,0
146,292,293,58,1063,100000000,0
147,294,295,356,1064,100000000,0
148,296,297,358,227,3352441000,0
149,298,299,16,1050,1000000000,0
150,300,301,77,345,2000000000,0
151,302,303,970,343,2000000000,0
152,304,305,177,1079,5000000000,0
153,306,307,263,488,1000000000,0
154,308,309,171,488,1000000000,0
155,310,311,488,347,1000000000,0
156,312,313,99,488,1000000000,0
157,314,315,488,910,1000000000,0
158,316,317,282,340,2000000000,0
159,318,319,1071,282,150000000,0
160,320,321,95,660,500000000,0
161,322,323,334,400,500000000,0
162,324,325,349,1075,193312000,0
163,326,327,749,282,150000000,0
164,328,329,951,282,150000000,0
165,330,331,1095,282,150000000,0
166,332,333,76,282,40000000,0
167,334,335,349,963,3000000000,0
168,336,337,95,24,1000000000,0
169,338,339,1041,282,40000000,0
170,340,341,156,1136,100000000,0
171,342,343,1138,344,300000000,0
172,344,345,1144,227,21000000,0
173,346,347,1144,282,30000000,0
174,348,349,1155,513,50000000,0
175,350,351,237,1165,1500000000,0
176,352,353,1169,350,400000000,0
177,354,355,551,332,200000000,0
178,356,357,1156,2,485000000,0
179,358,359,1128,332,95275000,0
180,360,361,838,344,887711000,0
181,362,363,1198,282,40000000,0
182,364,365,137,130,100000000,0
183,366,367,1205,282,40000000,0
184,368,369,1209,334,421995000,0
185,370,371,349,1211,500000000,0
186,372,373,282,1220,40000000,0
187,374,375,1241,400,100000000,0
188,376,377,31,1218,500000000,0
189,378,379,1218,675,500000000,0
190,380,381,330,772,409293000,0
191,382,383,54,1265,1000000000,0
192,384,385,468,1267,102965000,0
193,386,387,1277,46,1200000000,0
194,388,389,282,344,3000000000,0
195,390,391,573,130,2000000000,0
196,392,393,1251,282,40000000,0
197,394,395,1316,282,40000000,0
198,396,397,227,17,125000000,0
199,398,399,54,1307,342511000,0
200,400,401,872,352,1885065000,0
201,402,403,400,348,738167000,0
202,404,405,16,87,2000000000,0
203,406,407,334,400,740309000,0
204,408,409,353,400,542616000,0
205,410,411,290,77,800000000,0
206,412,413,139,282,40000000,0
207,414,415,440,282,40000000,0
208,416,417,1349,282,40000000,0
209,418,419,979,474,100000000,0
210,420,421,54,1362,200000000,0
211,422,423,373,513,1000000000,0
212,424,425,1369,513,2237792000,0
213,426,427,2,1194,339382000,0
214,428,429,468,1266,100000000,0
215,430,431,1393,344,200000000,0
216,432,433,1139,231,1500000000,0
217,434,435,70,348,3000000000,0
218,436,437,1088,350,3000000000,0
219,438,439,820,340,5000000000,0
220,440,441,58,1020,1561651000,0
221,442,443,539,513,60567000,0
222,444,445,379,355,100000000,0
223,446,447,54,1447,200000000,0
224,448,449,87,1163,2114595000,0
225,450,451,1454,359,1495295000,0
226,452,453,1438,1324,3000000000,0
227,454,455,1460,513,275417000,0
228,456,457,746,820,317500000,0
229,458,459,1475,354,5000000000,0
230,460,461,1475,348,10000000000,0
231,462,463,358,1475,10000000000,0
232,464,465,1474,344,10000000000,0
233,466,467,513,1477,10000000000,0
234,468,469,356,1477,10000000000,0
235,470,471,354,1476,5000000000,0
236,472,473,1473,359,10000000000,0
237,474,475,1477,332,10000000000,0
238,476,477,354,1477,10000000000,0
239,478,479,1475,376,10000000000,0
240,480,481,350,355,16777215000,0
241,482,483,1475,340,16777215000,0
242,484,485,344,332,16777215000,0
243,486,487,1475,332,16777215000,0
244,488,489,352,1476,16777215000,0
245,490,491,346,355,16777215000,0
246,492,493,1259,1473,10000000000,0
247,494,495,332,355,16777215000,0
248,496,497,353,352,16777215000,0
249,498,499,343,346,16777215000,0
250,500,501,353,342,16777215000,0
251,502,503,1477,350,16777215000,0
252,504,505,354,355,16777215000,0
253,506,507,1473,1489,48394000,0
254,508,509,1473,400,1438805000,0
255,510,511,58,1477,1580018000,0
256,512,513,150,332,545014000,0
257,514,515,410,1473,988564000,0
258,516,517,352,356,16777215000,0
259,518,519,342,340,16777215000,0
260,520,521,87,1324,5498327000,0
261,522,523,1473,1290,10000000000,0
262,524,525,1477,282,10000000000,0
263,526,527,335,1501,692438000,0
264,528,529,112,1431,250924000,0
265,530,531,1502,1319,500000000,0
266,532,533,513,1504,500000000,0
267,534,535,515,344,50000000,0
268,536,537,1495,326,1000000000,0
269,538,539,46,934,800000000,0
270,540,541,58,660,2000000000,0
271,542,543,344,1528,34231000,0
272,544,545,1485,130,50000000,0
273,546,547,979,334,800000000,0
274,548,549,979,350,100000000,0
275,550,551,979,1476,800000000,0
276,552,553,550,2,372508000,0
277,554,555,1516,282,20000000,0
278,556,557,476,561,5550000000,0
279,558,559,1550,347,144383000,0
280,560,561,1564,1477,958008000,0
281,562,563,1474,1572,2000000000,0
282,564,565,1579,2,355922000,0
283,566,567,1449,513,150000000,0
284,568,569,95,427,20000000,0
285,570,571,76,714,250001000,0
286,572,573,896,354,1000000000,0
287,574,575,896,345,1000000000,0
288,576,577,1570,1324,3000000000,0
289,578,579,1596,130,300000000,0
290,580,581,512,282,500000000,0
291,582,583,87,1602,1200000000,0
292,584,585,1604,43,100000000,0
293,586,587,979,1324,100000000,0
294,588,589,346,1599,100000000,0
295,590,591,369,1426,500000000,0
296,592,593,986,282,452608000,0
297,594,595,1619,60,500000000,0
298,596,597,1628,1477,100000000,0
299,598,599,46,1543,40000000,0
300,600,601,292,227,125000000,0
301,602,603,344,1639,7000000000,0
302,604,605,513,1641,250000000,0
303,606,607,694,513,500000000,0
304,608,609,1636,346,1000000000,0
305,610,611,1203,177,1000000000,0
306,612,613,513,1504,500000000,0
307,614,615,1673,513,400000000,0
308,616,617,1632,1475,2020000000,0
309,618,619,1685,350,40000000,0
310,620,621,1638,46,100000000,0
311,622,623,106,345,2000000000,0
312,624,625,1527,150,200000000,0
313,626,627,1708,76,30000000,0
314,628,629,1685,376,200000000,0
315,630,631,1711,355,210737000,0
316,632,633,1713,43,200000000,0
317,634,635,41,17,809068000,0
318,636,637,1728,1477,37229000,0
319,638,639,211,227,125000000,0
320,640,641,513,474,81000000,0
321,642,643,8,1665,4000000000,0
322,644,645,282,1744,100000000,0
323,646,647,513,1750,5000000000,0
324,648,649,282,1759,70000000,0
325,650,651,1762,513,50000000,0
326,652,653,227,1764,80363000,0
327,654,655,1293,689,600000000,0
328,656,657,1769,1477,1544554000,0
329,658,659,1752,334,3070000000,0
330,660,661,87,1293,500000000,0
331,662,663,1465,17,16777215000,0
332,664,665,5,17,16777215000,0
333,666,667,1501,220,2500000000,0
334,668,669,46,26,2000000000,0
335,670,671,105,227,125000000,0
336,672,673,698,355,4565771000,0
337,674,675,350,319,10000000000,0
338,676,677,343,70,5000000000,0
339,678,679,474,340,3404344000,0
340,680,681,346,1732,825270000,0
341,682,683,1115,1476,780303000,0
342,684,685,359,345,16777215000,0
343,686,687,345,348,16777215000,0
344,688,689,358,326,16777215000,0
345,690,691,1817,58,100000000,0
346,692,693,356,215,211097000,0
347,694,695,343,340,16777215000,0
348,696,697,356,370,16000000000,0
349,698,699,8,348,4343516000,0
350,700,701,217,1840,1000000000,0
351,702,703,1475,1845,100000000,0
352,704,705,276,1849,400000000,0
353,706,707,76,1840,557696000,0
354,708,709,358,344,16777215000,0
355,710,711,1818,1476,2020000000,0
356,712,713,1867,1476,1000000000,0
357,714,715,359,1872,400000000,0
358,716,717,1879,513,23289000,0
359,718,719,628,77,3000000000,0
360,720,721,1642,1190,154259000,0
361,722,723,468,1893,30000000,0
362,724,725,1899,340,81000000,0
363,726,727,1218,58,500000000,0
364,728,729,394,1205,100000000,0
365,730,731,356,1909,200000000,0
366,732,733,1756,400,3000000000,0
367,734,735,1921,513,500000000,0
368,736,737,1907,130,505000000,0
369,738,739,1914,192,1000000000,0
370,740,741,1937,347,500000000,0
371,742,743,95,1293,600000000,0
372,744,745,1473,1664,16000000000,0
373,746,747,1777,457,5000000000,0
374,748,749,1941,349,60000000,0
375,750,751,1941,177,300000000,0
376,752,753,1642,1915,2100000000,0
377,754,755,1952,2,100000000,0
378,756,757,746,1940,5000000000,0
379,758,759,1940,1548,1500000000,0
380,760,761,94,1777,5000000000,0
381,762,763,1961,1474,2020000000,0
382,764,765,1115,1975,71160000,0
383,766,767,1794,343,500000000,0
384,768,769,276,1980,60000000,0
385,770,771,358,1988,171850000,0
386,772,773,1473,688,2500000000,0
387,774,775,414,282,700000000,0
388,776,777,513,2000,750000000,0
389,778,779,1986,219,4000000000,0
390,780,781,2003,345,100000000,0
391,782,783,46,1020,239499000,0
392,784,785,513,2005,1892358000,0
393,786,787,1115,2007,100000000,0
394,788,789,2010,1931,8000000000,0
395,790,791,352,173,12826167000,0
396,792,793,2015,346,3256170000,0
397,794,795,903,350,4595471000,0
398,796,797,1914,1566,1500000000,0
399,798,799,1607,1869,35001000,0
400,800,801,513,2032,100000000,0
401,802,803,2042,348,82797000,0
402,804,805,1955,906,2000000000,0
403,806,807,352,2049,4000000000,0
404,808,809,2064,400,1000000000,0
405,810,811,2064,1777,1000000000,0
406,812,813,2016,258,3000000000,0
407,814,815,2066,352,100000000,0
408,816,817,2072,342,288180000,0
409,818,819,46,2079,100000000,0
410,820,821,2086,352,50000000,0
411,822,823,2090,344,2200000000,0
412,824,825,2085,201,6100000000,0
413,826,827,342,1931,8000000000,0
414,828,829,1777,119,1443319000,0
415,830,831,2109,343,2000000000,0
416,832,833,342,1442,2246008000,0
417,834,835,2113,355,300000000,0
418,836,837,410,363,1000000000,0
419,838,839,95,2116,20000000,0
420,840,841,2116,17,20000000,0
421,842,843,356,2118,100000000,0
422,844,845,353,2118,100000000,0
423,846,847,979,290,220000000,0
424,848,849,2120,1884,250000000,0
425,850,851,2121,326,10000000000,0
426,852,853,2124,87,2400000000,0
427,854,855,1931,340,8000000000,0
428,856,857,2010,150,5000000000,0
429,858,859,1777,343,16000000000,0
430,860,861,1125,340,34281000,0
431,862,863,476,746,1499300000,0
432,864,865,358,347,16777215000,0
433,866,867,1777,278,1000000000,0
434,868,869,1777,2154,20000000,0
435,870,871,1088,1275,20000000,0
436,872,873,2156,700,300000000,0
437,874,875,2165,1473,519151000,0
438,876,877,346,598,112146000,0
439,878,879,1736,348,151115000,0
440,880,881,2010,63,5000000000,0
441,882,883,1914,343,3000000000,0
442,884,885,2186,46,100000000,0
443,886,887,2188,332,500000000,0
444,888,889,1418,344,356152000,0
445,890,891,2197,2024,650000000,0
446,892,893,292,457,1000000000,0
447,894,895,160,219,16513370000,0
448,896,897,2084,281,93737000,0
449,898,899,2210,346,400000000,0
450,900,901,1555,340,1200000000,0
451,902,903,673,354,8000000000,0
452,904,905,1261,342,392768000,0
453,906,907,2096,130,2000000000,0
454,908,909,1940,1206,72466000,0
455,910,911,2233,513,521728000,0
456,912,913,343,332,16777215000,0
457,914,915,2244,1607,100000000,0
458,916,917,2245,215,240000000,0
459,918,919,513,2250,2000000000,0
460,920,921,1475,1477,16777215000,0
461,922,923,410,2218,1000000000,0
462,924,925,410,1624,1000000000,0
463,926,927,410,1971,5000000000,0
464,928,929,2260,1477,3020000000,0
465,930,931,2010,76,1000000000,0
466,932,933,458,2265,20000000,0
467,934,935,1715,8,100000000,0
468,936,937,2010,109,1000000000,0
469,938,939,2010,533,1000000000,0
470,940,941,2171,874,24201000,0
471,942,943,2010,43,1000000000,0
472,944,945,2010,162,1000000000,0
473,946,947,2010,251,1000000000,0
474,948,949,776,346,8000000000,0
475,950,951,2010,1836,1000000000,0
476,952,953,2010,347,16777215000,0
477,954,955,265,2283,100000000,0
478,956,957,2294,346,300000000,0
479,958,959,2255,513,1000000000,0
480,960,961,58,1136,100000000,0
481,962,963,2010,343,16777215000,0
482,964,965,141,451,963813000,0
483,966,967,1841,2307,20000000,0
484,968,969,54,2221,100000000,0
485,970,971,2349,340,2000000000,0
486,972,973,692,345,8000000000,0
487,974,975,46,1587,47159000,0
488,976,977,979,1347,366500000,0
489,978,979,349,2010,5000000000,0
490,980,981,1940,70,3200000000,0
491,982,983,346,2378,20000000,0
492,984,985,2043,355,296917000,0
493,986,987,177,2369,300000000,0
494,988,989,2066,192,115346000,0
495,990,991,2218,282,1000000000,0
496,992,993,2241,177,100000000,0
497,994,995,39,347,100000000,0
498,996,997,342,39,8000000000,0
499,998,999,46,1836,1637182000,0
500,1000,1001,54,2409,20000000,0
501,1002,1003,2427,130,2000000000,0
502,1004,1005,54,2440,241273000,0
503,1006,1007,410,64,1000000000,0
504,1008,1009,2010,327,1000000000,0
505,1010,1011,105,2010,1000000000,0
506,1012,1013,2013,513,1000000000,0
507,1014,1015,2085,1777,8000000000,0
508,1016,1017,353,2461,448650000,0
509,1018,1019,468,2191,6300000000,0
510,1020,1021,2439,192,32210000,0
511,1022,1023,130,725,46047000,0
512,1024,1025,54,2474,962401000,0
513,1026,1027,2307,466,16787000,0
514,1028,1029,2480,353,492620000,0
515,1030,1031,2,2488,400000000,0
516,1032,1033,349,2492,599272000,0
517,1034,1035,358,1298,498378000,0
518,1036,1037,1293,1298,498376000,0
519,1038,1039,1940,2493,5250000000,0
520,1040,1041,2,2362,347960000,0
521,1042,1043,1419,332,1500000000,0
522,1044,1045,46,2530,16569707000,0
523,1046,1047,2532,1777,100000000,0
524,1048,1049,2357,340,40000000,0
525,1050,1051,474,332,600000000,0
526,1052,1053,2535,344,51996000,0
527,1054,1055,746,2539,76235000,0
528,1056,1057,2544,221,1266050000,0
529,1058,1059,343,1119,8000000000,0
530,1060,1061,130,86,2000000000,0
531,1062,1063,2539,1940,822930000,0
532,1064,1065,448,2087,100000000,0
533,1066,1067,2560,359,2000000000,0
534,1068,1069,20,168,4000000000,0
535,1070,1071,1022,355,166059000,0
536,1072,1073,2570,350,24936000,0
537,1074,1075,2274,789,73880000,0
538,1076,1077,410,2274,73880000,0
539,1078,1079,1494,212,100000000,0
540,1080,1081,177,326,16700000000,0
541,1082,1083,46,2154,20000000,0
542,1084,1085,356,326,16777215000,0
543,1086,1087,907,177,6000000000,0
544,1088,1089,476,2599,100000000,0
545,1090,1091,1642,1524,1000000000,0
546,1092,1093,2559,326,3020000000,0
547,1094,1095,907,156,3000000000,0
548,1096,1097,2593,513,1000000000,0
549,1098,1099,979,2357,90000000,0
550,1100,1101,2619,344,95970000,0
551,1102,1103,352,2618,68930000,0
552,1104,1105,359,2460,33908000,0
553,1106,1107,2595,347,138911000,0
554,1108,1109,2623,130,2500000000,0
555,1110,1111,2615,2636,50000000,0
556,1112,1113,513,2617,500000000,0
557,1114,1115,342,2637,42000000,0
558,1116,1117,410,1999,97359000,0
559,1118,1119,533,282,1000000000,0
560,1120,1121,363,2096,2414932000,0
561,1122,1123,2581,2,3000000000,0
562,1124,1125,1999,1474,96776000,0
563,1126,1127,1980,342,21170000,0
564,1128,1129,468,2664,50000000,0
565,1130,1131,1205,2671,39477000,0
566,1132,1133,54,2693,350000000,0
567,1134,1135,95,46,42534000,0
568,1136,1137,2689,360,500000000,0
569,1138,1139,907,862,3000000000,0
570,1140,1141,2650,2709,420000000,0
571,1142,1143,2687,348,16000000000,0
572,1144,1145,54,2687,255826000,0
573,1146,1147,2687,1892,16000000000,0
574,1148,1149,820,1892,16000000000,0
575,1150,1151,77,1892,2500000000,0
576,1152,1153,979,2650,359081000,0
577,1154,1155,342,2735,49523000,0
578,1156,1157,1867,2721,20000000,0
579,1158,1159,2212,820,1000000000,0
580,1160,1161,834,2,31337000,0
581,1162,1163,2689,252,495000000,0
582,1164,1165,54,2794,222887000,0
583,1166,1167,2796,2615,25000000,0
584,1168,1169,1724,77,9612400000,0
585,1170,1171,2821,227,100000000,0
586,1172,1173,2689,675,285000000,0
587,1174,1175,265,376,400003000,0
588,1176,1177,2845,354,3020000000,0
589,1178,1179,2076,2,31337000,0
590,1180,1181,87,276,4509979000,0
591,1182,1183,2687,177,16777215000,0
592,1184,1185,343,1835,24367000,0
593,1186,1187,2876,130,139147000,0
594,1188,1189,58,628,500000000,0
595,1190,1191,476,1626,147000000,0
596,1192,1193,377,2772,100000000,0
597,1194,1195,410,2511,496507000,0
598,1196,1197,2883,194,6000000000,0
599,1198,1199,2666,130,2000000000,0
600,1200,1201,2904,371,100000000,0
601,1202,1203,2689,2847,500000000,0
602,1204,1205,58,77,16777215000,0
603,1206,1207,2910,556,20000000,0
604,1208,1209,2911,346,5010000000,0
605,1210,1211,349,2911,5020000000,0
606,1212,1213,468,2930,20000000,0
607,1214,1215,2934,54,200000000,0
608,1216,1217,520,2944,1000000000,0
609,1218,1219,265,282,1000003000,0
610,1220,1221,54,2944,293599000,0
611,1222,1223,2913,2761,3000000000,0
612,1224,1225,1632,1205,1100000000,0
613,1226,1227,2913,17,2000000000,0
614,1228,1229,353,890,57835000,0
615,1230,1231,46,2962,496849000,0
616,1232,1233,160,513,16777215000,0
617,1234,1235,2583,2,31337000,0
618,1236,1237,1119,2883,2000000000,0
619,1238,1239,2770,1477,5000000000,0
620,1240,1241,1642,862,3000000000,0
621,1242,1243,660,2936,2000000000,0
622,1244,1245,33,3050,25673000,0
623,1246,1247,2399,3060,200000000,0
624,1248,1249,2310,349,236696000,0
625,1250,1251,3062,332,88331000,0
626,1252,1253,451,2099,882100000,0
627,1254,1255,3065,334,29464000,0
628,1256,1257,130,3067,150000000,0
629,1258,1259,3073,513,1000000000,0
630,1260,1261,335,3074,5700000000,0
631,1262,1263,468,1892,5000000000,0
632,1264,1265,46,396,1000000000,0
633,1266,1267,2970,1473,196106000,0
634,1268,1269,1473,3099,6000000000,0
635,1270,1271,345,3099,3000000000,0
636,1272,1273,422,3099,1000000000,0
637,1274,1275,2758,2949,200000000,0
638,1276,1277,359,2918,30958000,0
639,1278,1279,1940,3087,20000000,0
640,1280,1281,263,400,16777215000,0
641,1282,1283,276,17,15509491000,0
642,1284,1285,2877,2778,930000000,0
643,1286,1287,3086,46,4000000000,0
644,1288,1289,2833,400,1000000000,0
645,1290,1291,76,3099,250000000,0
646,1292,1293,263,2687,16777215000,0
647,1294,1295,2687,77,16777215000,0
648,1296,1297,2248,2687,4000000000,0
649,1298,1299,907,414,2000000000,0
650,1300,1301,3150,400,1250000000,0
651,1302,1303,907,263,2000000000,0
652,1304,1305,326,3167,100000000,0
653,1306,1307,130,3160,2000000000,0
654,1308,1309,1474,2955,92123000,0
655,1310,1311,3161,3169,1000000000,0
656,1312,1313,3176,1419,450957000,0
657,1314,1315,216,326,600000000,0
658,1316,1317,2018,130,4000000000,0
659,1318,1319,2018,350,5000000000,0
660,1320,1321,3149,350,76750000,0
661,1322,1323,217,733,3669772000,0
662,1324,1325,1115,3237,250000000,0
663,1326,1327,184,1857,4996666000,0
664,1328,1329,486,3099,1000000000,0
665,1330,1331,906,3099,1000000000,0
666,1332,1333,468,3229,20000000,0
667,1334,1335,2640,3251,100000000,0
668,1336,1337,2640,3257,100000000,0
669,1338,1339,911,820,250000000,0
670,1340,1341,2018,915,1500000000,0
671,1342,1343,1777,1625,1005686000,0
672,1344,1345,3281,130,2000000000,0
673,1346,1347,177,3164,100000000000,0
674,1348,1349,101,3286,213063000,0
675,1350,1351,3115,130,5000000000,0
676,1352,1353,2935,130,312537000,0
677,1354,1355,2640,3331,100000000,0
678,1356,1357,400,3334,1000000000,0
679,1358,1359,820,3334,1000000000,0
680,1360,1361,2640,3348,100000000,0
681,1362,1363,160,3004,2000000000,0
682,1364,1365,2640,3373,100000000,0
683,1366,1367,2640,3381,100000000,0
684,1368,1369,354,3397,30000000,0
685,1370,1371,450,211,24177000,0
686,1372,1373,334,2687,12634268000,0
687,1374,1375,276,1436,5000000000,0
688,1376,1377,356,2687,7046834000,0
689,1378,1379,3156,1476,10000000000,0
690,1380,1381,2010,2647,1000000000,0
691,1382,1383,1625,2338,1200000000,0
692,1384,1385,343,3410,100000000,0
693,1386,1387,48,77,1142287000,0
694,1388,1389,3093,86,400000000,0
695,1390,1391,346,2290,90715000,0
696,1392,1393,3410,130,250000000,0
697,1394,1395,349,3410,1000000000,0
698,1396,1397,457,3417,1000000000,0
699,1398,1399,46,1419,1204934000,0
700,1400,1401,468,2512,1200000000,0
701,1402,1403,2689,3410,250000000,0
702,1404,1405,3260,1205,6000000000,0
703,1406,1407,1777,1436,16777215000,0
704,1408,1409,979,3417,1000000000,0
705,1410,1411,2010,3417,1000000000,0
706,1412,1413,3441,3431,38952000,0
707,1414,1415,2605,77,1000000000,0
708,1416,1417,513,3417,1000000000,0
709,1418,1419,2010,3164,16777215000,0
710,1420,1421,349,1710,10000000000,0
711,1422,1423,177,3358,5000000000,0
712,1424,1425,468,3447,100000000,0
713,1426,1427,263,3334,1000000000,0
714,1428,1429,95,3334,1000000000,0
715,1430,1431,3115,716,1000000000,0
716,1432,1433,3451,513,10000000000,0
717,1434,1435,184,2967,147383000,0
718,1436,1437,342,2772,700000000,0
719,1438,1439,3409,400,800000000,0
720,1440,1441,3470,1931,16000000000,0
721,1442,1443,3083,3115,9600000000,0
722,1444,1445,2640,1757,110000000,0
723,1446,1447,979,688,7586559000,0
724,1448,1449,3464,150,16777215000,0
725,1450,1451,354,3245,10000000000,0
726,1452,1453,476,3446,350000000,0
727,1454,1455,1777,1351,500000000,0
728,1456,1457,139,3260,1505000000,0
729,1458,1459,1971,151,3000000000,0
730,1460,1461,87,3464,16777215000,0
731,1462,1463,1777,2407,200000000,0
732,1464,1465,3516,3431,40000000,0
733,1466,1467,335,533,3330000000,0
734,1468,1469,2731,3164,5000000000,0
735,1470,1471,87,3470,16000000000,0
736,1472,1473,3543,1351,2850000000,0
737,1474,1475,3483,227,313524000,0
738,1476,1477,353,2735,43126000,0
739,1478,1479,3512,344,22988000,0
740,1480,1481,3569,1474,97706000,0
741,1482,1483,1840,2520,1000000000,0
742,1484,1485,410,1940,4000000000,0
743,1486,1487,98,3295,1000000000,0
744,1488,1489,3543,151,500000000,0
745,1490,1491,1926,344,16711312000,0
746,1492,1493,1477,2493,1003102000,0
747,1494,1495,2,3570,250000000,0
748,1496,1497,3581,466,400000000,0
749,1498,1499,3586,63,20000000,0
750,1500,1501,787,3590,300000000,0
751,1502,1503,101,2357,30853000,0
752,1504,1505,1940,282,4000000000,0
753,1506,1507,63,2936,500000000,0
754,1508,1509,3576,1731,50000000,0
755,1510,1511,3612,2,260000000,0
756,1512,1513,2273,1915,500000000,0
757,1514,1515,698,359,500000000,0
758,1516,1517,326,3627,100000000,0
759,1518,1519,3631,2,1000000000,0
760,1520,1521,3638,3049,220000000,0
761,1522,1523,2491,344,3020000000,0
762,1524,1525,263,1473,10000000000,0
763,1526,1527,2687,177,16777215000,0
764,1528,1529,46,3269,11140000000,0
765,1530,1531,1869,326,84020000,0
766,1532,1533,1777,1608,1000000000,0
767,1534,1535,3491,332,1370000000,0
768,1536,1537,276,3464,6456873000,0
769,1538,1539,400,17,16777215000,0
770,1540,1541,248,282,1000000000,0
771,1542,1543,468,3545,3005000000,0
772,1544,1545,3672,332,3020000000,0
773,1546,1547,3681,1205,321636000,0
774,1548,1549,3681,355,318463000,0
775,1550,1551,3564,2,190000000,0
776,1552,1553,77,3626,1000000000,0
777,1554,1555,2010,3700,1000000000,0
778,1556,1557,3556,3334,500000000,0
779,1558,1559,468,1842,3000000000,0
780,1560,1561,3728,1940,940319000,0
781,1562,1563,3719,177,400000000,0
782,1564,1565,3719,2,600000000,0
783,1566,1567,343,201,10000000000,0
784,1568,1569,3736,177,5000000000,0
785,1570,1571,3748,3431,31277000,0
786,1572,1573,219,2944,1000000000,0
787,1574,1575,58,3743,16777000000,0
788,1576,1577,3610,2348,4990000000,0
789,1578,1579,3726,222,29986000,0
790,1580,1581,3726,2087,30549000,0
791,1582,1583,2427,326,16777215000,0
792,1584,1585,3726,3105,27293000,0
793,1586,1587,1436,3334,16777215000,0
794,1588,1589,3726,2997,27290000,0
795,1590,1591,76,3743,250000000,0
796,1592,1593,2010,3763,130000000,0
797,1594,1595,3610,345,2600000000,0
798,1596,1597,1618,3200,1000000000,0
799,1598,1599,2024,722,1000000000,0
800,1600,1601,2,3338,31337000,0
801,1602,1603,3817,3164,5000000000,0
802,1604,1605,177,3820,200000000,0
803,1606,1607,346,1205,11589768000,0
804,1608,1609,46,3449,5000000000,0
805,1610,1611,48,332,10000000000,0
806,1612,1613,2157,156,64610000,0
807,1614,1615,3828,2498,20000000,0
808,1616,1617,2538,355,26296000,0
809,1618,1619,2085,3844,1212543000,0
810,1620,1621,2687,3781,4000000000,0
811,1622,1623,357,177,23085276000,0
812,1624,1625,3853,3534,200000000,0
813,1626,1627,3794,46,16732700000,0
814,1628,1629,3849,3850,15431000,0
815,1630,1631,2125,3164,6000000000,0
816,1632,1633,3843,151,500000000,0
817,1634,1635,746,3164,10000000000,0
818,1636,1637,2,2338,5000000000,0
819,1638,1639,3673,3074,2000000000,0
820,1640,1641,353,2340,134376000,0
821,1642,1643,349,3888,3350000000,0
822,1644,1645,263,3887,245976000,0
823,1646,1647,3735,2349,1000000000,0
824,1648,1649,3891,2010,1000000000,0
825,1650,1651,1615,64,396490000,0
826,1652,1653,3898,77,4259692000,0
827,1654,1655,54,3564,800000000,0
828,1656,1657,3564,130,1500000000,0
829,1658,1659,2882,2,266585000,0
830,1660,1661,3564,282,1100050000,0
831,1662,1663,343,3901,20840000,0
832,1664,1665,46,3482,5000000000,0
833,1666,1667,3899,130,2000000000,0
834,1668,1669,3553,77,100000000,0
835,1670,1671,3889,3640,86006000,0
836,1672,1673,353,2498,10000000000,0
837,1674,1675,343,3914,3020000000,0
838,1676,1677,3768,151,750000000,0
839,1678,1679,1642,3916,200000000,0
840,1680,1681,2261,355,644412000,0
841,1682,1683,2261,789,644410000,0
842,1684,1685,263,3931,494242000,0
843,1686,1687,3929,219,500000000,0
844,1688,1689,1739,344,25925000,0
845,1690,1691,3052,353,10000000000,0
846,1692,1693,2087,3934,500000000,0
847,1694,1695,3871,2,400000000,0
848,1696,1697,2904,3919,223433000,0
849,1698,1699,3146,2739,1201071000,0
850,1700,1701,3675,3334,1000000000,0
851,1702,1703,54,2904,350000000,0
852,1704,1705,3468,3643,20000000,0
853,1706,1707,3947,130,30000000,0
854,1708,1709,2687,177,16777215000,0
855,1710,1711,468,3048,980000000,0
856,1712,1713,3868,1926,50000000,0
857,1714,1715,3881,77,1200000000,0
858,1716,1717,3977,1476,93404000,0
859,1718,1719,3978,3594,20000000,0
860,1720,1721,2304,219,8465165000,0
861,1722,1723,46,3975,41629000,0
862,1724,1725,3755,2010,1000000000,0
863,1726,1727,3200,3922,2000000000,0
864,1728,1729,3985,3445,2000000000,0
865,1730,1731,3962,3670,2000000000,0
866,1732,1733,3536,3420,200000000,0
867,1734,1735,2010,3987,1000000000,0
868,1736,1737,3978,79,20000000,0
869,1738,1739,160,3962,2000000000,0
870,1740,1741,3995,326,4500000000,0
871,1742,1743,3996,151,500000000,0
872,1744,1745,3994,1,4500000000,0
873,1746,1747,2427,3994,4500000000,0
874,1748,1749,1755,3996,2500000000,0
875,1750,1751,2731,3996,2500000000,0
876,1752,1753,468,3294,3900000000,0
877,1754,1755,4020,177,600000000,0
878,1756,1757,3750,2818,140000000,0
879,1758,1759,177,4031,276000000,0
880,1760,1761,814,3824,100000000,0
881,1762,1763,4041,1776,1859005000,0
882,1764,1765,3123,3004,900000000,0
883,1766,1767,2304,2661,1280000000,0
884,1768,1769,3439,334,10000000000,0
885,1770,1771,1438,3995,5000000000,0
886,1772,1773,4052,219,1000000000,0
887,1774,1775,1840,1473,1000000000,0
888,1776,1777,3450,3237,1300000000,0
889,1778,1779,463,4051,800000000,0
890,1780,1781,87,3644,474280000,0
891,1782,1783,3996,326,10000000000,0
892,1784,1785,4069,1256,20000000,0
893,1786,1787,4072,4037,980000000,0
894,1788,1789,46,4073,150000000,0
895,1790,1791,3708,3657,5000000000,0
896,1792,1793,2085,58,6423200000,0
897,1794,1795,820,4083,542940000,0
898,1796,1797,4084,2956,600000000,0
899,1798,1799,349,263,10000000000,0
900,1800,1801,46,4084,500000000,0
901,1802,1803,1419,4088,22000000,0
902,1804,1805,263,1474,10000000000,0
903,1806,1807,2600,345,10000000000,0
904,1808,1809,219,227,16777215000,0
905,1810,1811,359,3231,10000000000,0
906,1812,1813,1426,3994,2500000000,0
907,1814,1815,3164,4128,5000000000,0
908,1816,1817,356,1473,16777215000,0
909,1818,1819,354,348,16777215000,0
910,1820,1821,334,1474,16777215000,0
911,1822,1823,354,348,16777215000,0
912,1824,1825,4084,2,3000000000,0
913,1826,1827,3653,2520,16000000000,0
914,1828,1829,353,130,10000000000,0
915,1830,1831,353,3995,16777215000,0
916,1832,1833,3995,1473,10000000000,0
917,1834,1835,54,4105,285471000,0
918,1836,1837,4143,355,8918351000,0
919,1838,1839,4146,326,1037772000,0
920,1840,1841,4153,2879,1000000000,0
921,1842,1843,4050,4048,100001000,0
922,1844,1845,820,1419,9584360000,0
923,1846,1847,3821,177,1000000000,0
924,1848,1849,3260,2592,3000000000,0
925,1850,1851,1474,1625,2000000000,0
926,1852,1853,54,4172,35000000,0
927,1854,1855,46,700,1172348000,0
928,1856,1857,3843,3164,16777215000,0
929,1858,1859,3269,345,1000000000,0
930,1860,1861,4187,3431,93585000,0
931,1862,1863,4084,161,530000000,0
932,1864,1865,4197,2831,70000000,0
933,1866,1867,4192,3074,100000000,0
934,1868,1869,2,3067,180000000,0
935,1870,1871,4204,820,1005441000,0
936,1872,1873,3821,400,1000000000,0
937,1874,1875,468,4202,5000000000,0
938,1876,1877,2687,177,16777215000,0
939,1878,1879,1791,2,7000000000,0
940,1880,1881,3617,3821,1000000000,0
941,1882,1883,46,4246,16734111000,0
942,1884,1885,1137,177,200000000,0
943,1886,1887,3735,4225,5823276000,0
944,1888,1889,58,4265,115934000,0
945,1890,1891,4270,3931,440000000,0
946,1892,1893,4277,4048,1964327000,0
947,1894,1895,4194,3074,100000000,0
948,1896,1897,8,3657,4000000000,0
949,1898,1899,4225,547,1000000000,0
950,1900,1901,2983,4225,600000000,0
951,1902,1903,4058,4290,50000000,0
952,1904,1905,160,4309,100000000,0
953,1906,1907,4280,77,50000000000,0
954,1908,1909,468,352,10000000000,0
955,1910,1911,3449,1833,2255782000,0
956,1912,1913,4318,177,8397741000,0
957,1914,1915,4225,2348,2100000000,0
958,1916,1917,1476,17,10000000000,0
959,1918,1919,4324,194,2500000000,0
960,1920,1921,4324,77,1000000000,0
961,1922,1923,4079,3962,2000000000,0
962,1924,1925,4286,130,1000000000,0
963,1926,1927,1791,4225,10000000000,0
964,1928,1929,4159,400,2000000000,0
965,1930,1931,1088,4338,3433346000,0
966,1932,1933,1088,4324,1000000000,0
967,1934,1935,130,1436,10000000000,0
968,1936,1937,4254,334,2000000000,0
969,1938,1939,1642,4340,1000000000,0
970,1940,1941,4346,2687,16000000000,0
971,1942,1943,3187,791,10000000000,0
972,1944,1945,4304,4226,2000000000,0
973,1946,1947,4078,77,1500000000,0
974,1948,1949,3699,4286,500000000,0
975,1950,1951,4367,3431,1047664000,0
976,1952,1953,4316,130,200067000,0
977,1954,1955,3187,4346,10000000000,0
978,1956,1957,3052,4346,10000000000,0
979,1958,1959,4346,3291,10000000000,0
980,1960,1961,2,4279,31337000,0
981,1962,1963,222,4286,1000000000,0
982,1964,1965,4333,2010,2200000000,0
983,1966,1967,4388,2087,5000000000,0
984,1968,1969,95,4388,10000000000,0
985,1970,1971,76,4404,700000000,0
986,1972,1973,4324,4153,1000000000,0
987,1974,1975,1777,4390,5000000000,0
988,1976,1977,2770,4408,1000000000,0
989,1978,1979,2,221,550000000,0
990,1980,1981,4414,177,16000000000,0
991,1982,1983,4414,4388,16000000000,0
992,1984,1985,4414,4346,16000000000,0
993,1986,1987,2,4346,10000000000,0
994,1988,1989,4414,3994,5000000000,0
995,1990,1991,1618,243,13510000000,0
996,1992,1993,4388,1205,10000000000,0
997,1994,1995,263,4048,16777215000,0
998,1996,1997,4181,346,10000000000,0
999,1998,1999,4346,43,23363000,0
1000,2000,2001,177,1347,2500000000,0
1001,2002,2003,3661,227,500000000,0
1002,2004,2005,46,4040,1003329000,0
1003,2006,2007,1115,4403,1400000000,0
1004,2008,2009,3216,4450,30000000,0
1005,2010,2011,4414,2729,2500000000,0
1006,2012,2013,4346,3637,2500000000,0
1007,2014,2015,4447,177,990999000,0
1008,2016,2017,4461,334,5000000000,0
1009,2018,2019,4346,201,16000000000,0
1010,2020,2021,4324,4346,10000000000,0
1011,2022,2023,4388,2430,5000000000,0
1012,2024,2025,4388,370,5000000000,0
1013,2026,2027,4346,1193,5000000000,0
1014,2028,2029,4346,2757,2500000000,0
1015,2030,2031,1914,4388,2500000000,0
1016,2032,2033,16,4388,5000000000,0
1017,2034,2035,101,4346,2500000000,0
1018,2036,2037,4346,422,5000000000,0
1019,2038,2039,4414,161,2500000000,0
1020,2040,2041,98,4332,2000000000,0
1021,2042,2043,513,3661,1000000000,0
1022,2044,2045,2,1608,3000000000,0
1023,2046,2047,4477,342,100000000,0
1024,2048,2049,3784,4346,2500000000,0
1025,2050,2051,4414,1241,2500000000,0
1026,2052,2053,871,4414,2500000000,0
1027,2054,2055,3015,4346,2500000000,0
1028,2056,2057,3664,2829,410669000,0
1029,2058,2059,468,2829,1810352000,0
1030,2060,2061,227,1149,503883000,0
1031,2062,2063,494,4486,5019119000,0
1032,2064,2065,4475,4456,100000000,0
1033,2066,2067,3048,177,3200000000,0
1034,2068,2069,698,4486,9987858000,0
1035,2070,2071,4414,109,2500000000,0
1036,2072,2073,54,3960,2812940000,0
1037,2074,2075,4496,3802,53536000,0
1038,2076,2077,3297,10,1000000000,0
1039,2078,2079,3681,346,328747000,0
1040,2080,2081,410,739,59236000,0
1041,2082,2083,3553,4418,250000000,0
1042,2084,2085,4254,4403,1194665000,0
1043,2086,2087,4478,3055,200000000,0
1044,2088,2089,4527,227,125000000,0
1045,2090,2091,979,4286,1000000000,0
1046,2092,2093,4332,820,10000000000,0
1047,2094,2095,2197,2883,2000000000,0
1048,2096,2097,3297,243,1000000000,0
1049,2098,2099,4282,3661,1000000000,0
1050,2100,2101,177,2936,10000000000,0
1051,2102,2103,3661,77,500000000,0
1052,2104,2105,3297,3482,555555000,0
1053,2106,2107,468,3661,599000000,0
1054,2108,2109,4541,130,900000000,0
1055,2110,2111,237,1351,11522577000,0
1056,2112,2113,503,222,300000000,0
1057,2114,2115,4254,4548,100000000,0
1058,2116,2117,820,3759,2500000000,0
1059,2118,2119,3297,221,500000000,0
1060,2120,2121,4555,3074,250000000,0
1061,2122,2123,4307,4209,2000000000,0
1062,2124,2125,4492,3670,1000000000,0
1063,2126,2127,43,4403,1767555000,0
1064,2128,2129,360,4559,100000000,0
1065,2130,2131,4561,3622,200000000,0
1066,2132,2133,130,3334,2000000000,0
1067,2134,2135,1371,3074,1000000000,0
1068,2136,2137,871,3708,500000000,0
1069,2138,2139,4555,400,1000000000,0
1070,2140,2141,3735,4280,11292023000,0
1071,2142,2143,4323,4578,37454000,0
1072,2144,2145,76,4577,1000000000,0
1073,2146,2147,1777,2936,80000000000,0
1074,2148,2149,1777,4591,350000000,0
1075,2150,2151,106,77,2800000000,0
1076,2152,2153,1200,4565,20000000,0
1077,2154,2155,4583,130,200000000,0
1078,2156,2157,3232,4346,2500000000,0
1079,2158,2159,346,2450,16000000000,0
1080,2160,2161,4598,660,1000000000,0
1081,2162,2163,4573,4583,500000000,0
1082,2164,2165,4598,820,1000000000,0
1083,2166,2167,4598,1777,1000000000,0
1084,2168,2169,4598,457,1000000000,0
1085,2170,2171,3482,4603,491432000,0
1086,2172,2173,4422,3431,5064681000,0
1087,2174,2175,4422,3431,38086000,0
1088,2176,2177,2,4621,100000000,0
1089,2178,2179,3431,4622,937799000,0
1090,2180,2181,4100,4625,100000000,0
1091,2182,2183,4523,4610,300000000,0
1092,2184,2185,4642,4254,100000000,0
1093,2186,2187,4645,355,45366000,0
1094,2188,2189,4079,4346,2500000000,0
1095,2190,2191,4388,915,2500000000,0
1096,2192,2193,4479,2485,750000000,0
1097,2194,2195,4654,3672,23185000,0
1098,2196,2197,3712,3399,1202390000,0
1099,2198,2199,2,63,100000000,0
1100,2200,2201,4414,2497,2500000000,0
1101,2202,2203,4401,130,2000000000,0
1102,2204,2205,3735,4479,1000000000,0
1103,2206,2207,468,4642,200000000,0
1104,2208,2209,2485,130,2000000000,0
1105,2210,2211,46,2766,160000000,0
1106,2212,2213,1982,4414,2500000000,0
1107,2214,2215,3708,3661,25000000,0
1108,2216,2217,2398,3661,100000000,0
1109,2218,2219,2779,359,389568000,0
1110,2220,2221,349,2779,388513000,0
1111,2222,2223,1540,4623,1000000000,0
1112,2224,2225,3297,334,400000000,0
1113,2226,2227,1986,4623,1000000000,0
1114,2228,2229,2188,4416,481590000,0
1115,2230,2231,4095,1777,60000000000,0
1116,2232,2233,468,4694,100000000,0
1117,2234,2235,4683,77,500000000,0
1118,2236,2237,1702,347,678719000,0
1119,2238,2239,4710,2761,50000000,0
1120,2240,2241,2,3845,61337000,0
1121,2242,2243,4713,3705,632023000,0
1122,2244,2245,2156,22,245479000,0
1123,2246,2247,2779,2,61337000,0
1124,2248,2249,4269,357,5000000000,0
1125,2250,2251,3959,2,61337000,0
1126,2252,2253,2,4729,61337000,0
1127,2254,2255,2,4566,61337000,0
1128,2256,2257,2,2474,61337000,0
1129,2258,2259,2,422,329439000,0
1130,2260,2261,3750,4706,100000000,0
1131,2262,2263,4428,4725,80000000,0
1132,2264,2265,3297,871,444444000,0
1133,2266,2267,4721,177,120000000,0
1134,2268,2269,476,130,2000000000,0
1135,2270,2271,177,400,10000000000,0
1136,2272,2273,4432,350,1264332000,0
1137,2274,2275,3600,4194,65757000,0
1138,2276,2277,3838,3464,3150000000,0
1139,2278,2279,4766,4254,100000000,0
1140,2280,2281,468,2758,250000000,0
1141,2282,2283,4780,4100,100000000,0
1142,2284,2285,3015,4248,6033053000,0
1143,2286,2287,468,4791,250000000,0
1144,2288,2289,4346,4299,2500000000,0
1145,2290,2291,4798,4254,100000000,0
1146,2292,2293,4254,4771,100000000,0
1147,2294,2295,2512,4226,4000000000,0
1148,2296,2297,79,3395,2500000000,0
1149,2298,2299,4100,4193,1000000000,0
1150,2300,2301,4802,4560,50000000,0
1151,2302,2303,468,157,4000000000,0
1152,2304,2305,3287,396,207564000,0
1153,2306,2307,2,2782,71337000,0
1154,2308,2309,3485,2,71337000,0
1155,2310,2311,4677,77,2300000000,0
1156,2312,2313,4596,3074,2000000000,0
1157,2314,2315,3287,76,51248000,0
1158,2316,2317,1824,2099,100000000,0
1159,2318,2319,739,1776,330416000,0
1160,2320,2321,54,4716,254244000,0
1161,2322,2323,4795,177,2100000000,0
1162,2324,2325,3622,396,1000000000,0
1163,2326,2327,4849,3750,100000000,0
1164,2328,2329,468,3931,800000000,0
1165,2330,2331,3990,177,798108000,0
1166,2332,2333,4193,513,1000000000,0
1167,2334,2335,87,4858,986664000,0
1168,2336,2337,2515,2520,1001204000,0
1169,2338,2339,2515,2936,1001204000,0
1170,2340,2341,54,4807,1000000000,0
1171,2342,2343,4598,1501,1000000000,0
1172,2344,2345,3639,4845,500000000,0
1173,2346,2347,4209,4811,50000000,0
1174,2348,2349,3545,4225,3005000000,0
1175,2350,2351,4843,219,30000000000,0
1176,2352,2353,4100,4873,100000000,0
1177,2354,2355,46,389,4997224000,0
1178,2356,2357,476,4879,33000000,0
1179,2358,2359,4857,1926,250000000,0
1180,2360,2361,448,3960,600000000,0
1181,2362,2363,4889,130,500000000,0
1182,2364,2365,4016,3942,20000000000,0
1183,2366,2367,4016,4346,20000000000,0
1184,2368,2369,2640,4907,100000000,0
1185,2370,2371,4897,4926,100000000,0
1186,2372,2373,4897,4935,100000000,0
1187,2374,2375,4897,4946,100000000,0
1188,2376,2377,4897,4953,100000000,0
1189,2378,2379,4897,4979,100000000,0
1190,2380,2381,4897,5024,100000000,0
1191,2382,2383,3735,2558,5760405000,0
1192,2384,2385,4388,1886,2500000000,0
1193,2386,2387,177,4166,20000000000,0
1194,2388,2389,46,4724,2500000000,0
1195,2390,2391,4254,5059,100000000,0
1196,2392,2393,4254,5062,100000000,0
1197,2394,2395,2739,2661,376655000,0
1198,2396,2397,4881,2,100000000,0
1199,2398,2399,5072,150,50000000,0
1200,2400,2401,2212,2507,1600000000,0
1201,2402,2403,1618,5080,150000000,0
1202,2404,2405,157,5079,94520000,0
1203,2406,2407,334,4594,2000000000,0
1204,2408,2409,334,2535,58937000,0
1205,2410,2411,4753,2687,5000000000,0
1206,2412,2413,3952,3099,500000000,0
1207,2414,2415,54,5093,50000000,0
1208,2416,2417,3060,5096,1000001000,0
1209,2418,2419,4100,5106,100000000,0
1210,2420,2421,468,5071,643290000,0
1211,2422,2423,156,3074,19000000000,0
1212,2424,2425,177,2691,2000000000,0
1213,2426,2427,5140,423,100000000,0
1214,2428,2429,4667,130,2000000000,0
1215,2430,2431,457,5080,170000000,0
1216,2432,2433,3482,86,5000000000,0
1217,2434,2435,4254,5081,500000000,0
1218,2436,2437,201,4388,10000000000,0
1219,2438,2439,5064,79,300000000,0
1220,2440,2441,5195,4254,100000000,0
1221,2442,2443,4304,2869,10000000000,0
1222,2444,2445,5218,3115,4231948000,0
1223,2446,2447,4414,1475,16000000000,0
1224,2448,2449,4414,700,2500000000,0
1225,2450,2451,2,5199,71337000,0
1226,2452,2453,3287,5235,123666000,0
1227,2454,2455,1473,4790,300000000,0
1228,2456,2457,5207,4684,250000000,0
1229,2458,2459,4648,3886,210000000,0
1230,2460,2461,5127,3099,4969491000,0
1231,2462,2463,979,5127,4969490000,0
1232,2464,2465,5263,342,783438000,0
1233,2466,2467,5157,1608,10162008000,0
1234,2468,2469,1791,2010,1000000000,0
1235,2470,2471,54,4849,303655000,0
1236,2472,2473,201,5150,155900000,0
1237,2474,2475,198,384,1818181000,0
1238,2476,2477,2558,5280,78099000,0
1239,2478,2479,4388,396,1000000000,0
1240,2480,2481,5289,4100,90000000,0
1241,2482,2483,3115,396,1500000000,0
1242,2484,2485,1824,5291,20000000,0
1243,2486,2487,3430,3164,4125610000,0
1244,2488,2489,2248,389,6000000000,0
1245,2490,2491,2,3745,999151000,0
1246,2492,2493,5299,1419,300000000,0
1247,2494,2495,77,2524,2189000000,0
1248,2496,2497,5161,1436,5000000000,0
1249,2498,2499,4843,1436,60000000000,0
1250,2500,2501,263,17,22728783000,0
1251,2502,2503,4886,4853,40000000,0
1252,2504,2505,58,4264,335000000,0
1253,2506,2507,2,130,358562000,0
1254,2508,2509,4684,2524,2000000000,0
1255,2510,2511,2,58,373643000,0
1256,2512,2513,2,189,329929000,0
1257,2514,2515,5064,1426,1000000000,0
1258,2516,2517,4346,5299,350435000,0
1259,2518,2519,4100,5335,90000000,0
1260,2520,2521,468,4608,220000000,0
1261,2522,2523,4414,5245,1064569000,0
1262,2524,2525,5342,400,800000000,0
1263,2526,2527,5342,4100,75000000,0
1264,2528,2529,2364,2847,277570000,0
1265,2530,2531,410,4889,1000000000,0
1266,2532,2533,410,4100,1000000000,0
1267,2534,2535,3729,5343,2500000000,0
1268,2536,2537,201,1205,16777000000,0
1269,2538,2539,363,5350,98609000,0
1270,2540,2541,3224,1939,24339000,0
1271,2542,2543,457,2761,1000000000,0
1272,2544,2545,410,5,1000000000,0
1273,2546,2547,5354,5355,100000000,0
1274,2548,2549,5354,5357,100000000,0
1275,2550,2551,5354,5360,100000000,0
1276,2552,2553,5365,347,940244000,0
1277,2554,2555,5366,5372,100000000,0
1278,2556,2557,5366,5374,100000000,0
1279,2558,2559,3269,355,4741000000,0
1280,2560,2561,3488,5142,5000000000,0
1281,2562,2563,5396,5367,100000000,0
1282,2564,2565,5304,3164,4500000000,0
1283,2566,2567,3442,4225,360000000,0
1284,2568,2569,2,5345,71337000,0
1285,2570,2571,4254,5434,100000000,0
1286,2572,2573,54,5439,256243000,0
1287,2574,2575,5455,4897,100000000,0
1288,2576,2577,4254,5240,1000000000,0
1289,2578,2579,4295,3099,300000000,0
1290,2580,2581,2,5461,71337000,0
1291,2582,2583,468,3561,2940000000,0
1292,2584,2585,1115,5460,1200000000,0
1293,2586,2587,3420,5439,1111111000,0
1294,2588,2589,4897,5475,100000000,0
1295,2590,2591,2471,4604,500000000,0
1296,2592,2593,3115,177,20000000000,0
1297,2594,2595,46,3622,16777215000,0
1298,2596,2597,54,5442,171401000,0
1299,2598,2599,468,5113,3399931000,0
1300,2600,2601,5122,177,100000000,0
1301,2602,2603,1660,5500,500000000,0
1302,2604,2605,5140,5507,50000000,0
1303,2606,2607,4100,1282,200000000,0
1304,2608,2609,5504,5384,1000000000,0
1305,2610,2611,5298,2087,550000000,0
1306,2612,2613,2010,1392,1000000000,0
1307,2614,2615,5262,177,800000000,0
1308,2616,2617,5285,5500,200000000,0
1309,2618,2619,5127,177,15000000000,0
1310,2620,2621,4100,5551,90000000,0
1311,2622,2623,4100,5561,90000000,0
1312,2624,2625,4100,5534,90000000,0
1313,2626,2627,4100,5571,90000000,0
1314,2628,2629,2010,854,1000000000,0
1315,2630,2631,4266,2839,1000000000,0
1316,2632,2633,46,5587,500000000,0
1317,2634,2635,3622,5588,4800000000,0
1318,2636,2637,5064,3028,500000000,0
1319,2638,2639,194,130,8000000000,0
1320,2640,2641,3907,5545,500000000,0
1321,2642,2643,5142,5545,750000000,0
1322,2644,2645,326,4683,1000000000,0
1323,2646,2647,410,4482,149000000,0
1324,2648,2649,5604,556,20000000,0
1325,2650,2651,2739,3269,363930000,0
1326,2652,2653,5053,3074,1000000000,0
1327,2654,2655,5544,3553,200000000,0
1328,2656,2657,2120,3418,6102000000,0
1329,2658,2659,5607,4684,500000000,0
1330,2660,2661,5547,355,1000000000,0
1331,2662,2663,5053,5547,2000500000,0
1332,2664,2665,4100,5207,100000000,0
1333,2666,2667,4883,177,1300000000,0
1334,2668,2669,476,5585,500000000,0
1335,2670,2671,520,422,666666000,0
1336,2672,2673,1777,5536,800000000,0
1337,2674,2675,4304,130,5000000000,0
1338,2676,2677,4304,5633,5000000000,0
1339,2678,2679,791,3743,16770000000,0
1340,2680,2681,5064,3802,300000000,0
1341,2682,2683,4254,4648,100000000,0
1342,2684,2685,791,861,350000000,0
1343,2686,2687,5578,3080,1500000000,0
1344,2688,2689,1986,3082,1000000000,0
1345,2690,2691,5620,177,100000000,0
1346,2692,2693,5653,3164,25000000000,0
1347,2694,2695,759,3960,500000000,0
1348,2696,2697,3488,3626,1200000000,0
1349,2698,2699,150,457,1000000000,0
1350,2700,2701,4100,3473,238000000,0
1351,2702,2703,2245,227,300000000,0
1352,2704,2705,5677,422,26032000,0
1353,2706,2707,410,556,1000000000,0
1354,2708,2709,410,4684,1000000000,0
1355,2710,2711,3463,151,500000000,0
1356,2712,2713,1405,457,1000000000,0
1357,2714,2715,410,520,1000000000,0
1358,2716,2717,94,2172,500000000,0
1359,2718,2719,4209,4680,2000000000,0
1360,2720,2721,2839,3074,1000000000,0
1361,2722,2723,392,3802,400000000,0
1362,2724,2725,2,5721,71337000,0
1363,2726,2727,2226,3115,10000000000,0
1364,2728,2729,410,3622,1000000000,0
1365,2730,2731,263,1924,1800000000,0
1366,2732,2733,219,5739,14000000000,0
1367,2734,2735,5671,4698,513676000,0
1368,2736,2737,2512,5457,5000000000,0
1369,2738,2739,1660,5703,5000000000,0
1370,2740,2741,5703,3504,5000000000,0
1371,2742,2743,5748,3074,100000000,0
1372,2744,2745,756,3431,1315234000,0
1373,2746,2747,54,5702,304441000,0
1374,2748,2749,5665,282,500000000,0
1375,2750,2751,263,2932,100000000,0
1376,2752,2753,2,5756,100000000,0
1377,2754,2755,5664,5764,50000000,0
1378,2756,2757,1151,151,1000000000,0
1379,2758,2759,5769,4684,200000000,0
1380,2760,2761,2212,3356,1060893000,0
1381,2762,2763,1266,3939,4572815000,0
1382,2764,2765,5747,1926,500000000,0
1383,2766,2767,977,3622,50000000000,0
1384,2768,2769,5245,2355,7524866000,0
1385,2770,2771,3556,3636,550000000,0
1386,2772,2773,3115,4669,2100000000,0
1387,2774,2775,2695,410,2500000000,0
1388,2776,2777,410,98,3500000000,0
1389,2778,2779,3146,5245,591527000,0
1390,2780,2781,263,5065,10000000000,0
1391,2782,2783,4797,400,2000000000,0
1392,2784,2785,5820,1777,90000000,0
1393,2786,2787,5631,1205,200000000,0
1394,2788,2789,476,4667,1067997000,0
1395,2790,2791,5825,46,50000000,0
1396,2792,2793,5858,79,20000000,0
1397,2794,2795,2,197,71337000,0
1398,2796,2797,2,5765,71337000,0
1399,2798,2799,3607,2010,500000000,0
1400,2800,2801,4346,820,16000000000,0
1401,2802,2803,3896,17,1040907000,0
1402,2804,2805,150,4845,7000105000,0
1403,2806,2807,4254,5839,100000000,0
1404,2808,2809,46,5857,100000000,0
1405,2810,2811,94,5747,500000000,0
1406,2812,2813,4572,3622,600000000,0
1407,2814,2815,1088,4414,10000000000,0
1408,2816,2817,5879,5588,500000000,0
1409,2818,2819,186,5879,500000000,0
1410,2820,2821,54,5880,225123000,0
1411,2822,2823,282,5880,40000000,0
1412,2824,2825,358,5220,136053000,0
1413,2826,2827,3181,263,8000000000,0
1414,2828,2829,5867,326,500000000,0
1415,2830,2831,5867,3164,4100000000,0
1416,2832,2833,977,475,50000000000,0
1417,2834,2835,1351,130,4000000000,0
1418,2836,2837,3470,5886,16000000000,0
1419,2838,2839,238,4388,100000000,0
1420,2840,2841,1477,5703,2374081000,0
1421,2842,2843,977,4264,7100000000,0
1422,2844,2845,451,5886,2138967000,0
1423,2846,2847,5917,177,100000000,0
1424,2848,2849,1475,457,2500000000,0
1425,2850,2851,660,3419,500000000,0
1426,2852,2853,5893,5875,1000000000,0
1427,2854,2855,177,5603,7500000000,0
1428,2856,2857,5760,194,10000000000,0
1429,2858,2859,5927,350,183958000,0
1430,2860,2861,414,520,666666000,0
1431,2862,2863,5743,5547,22068140000,0
1432,2864,2865,5544,3627,500000000,0
1433,2866,2867,5113,4844,1036179000,0
1434,2868,2869,46,3999,950000000,0
1435,2870,2871,2505,238,100000000,0
1436,2872,2873,5747,1351,500000000,0
1437,2874,2875,4254,5930,100000000,0
1438,2876,2877,3450,3155,2865842000,0
1439,2878,2879,520,2061,666666000,0
1440,2880,2881,4857,2757,2304359000,0
1441,2882,2883,468,5914,40000000,0
1442,2884,2885,1791,335,5000000000,0
1443,2886,2887,475,421,10000000000,0
1444,2888,2889,219,5977,13400000000,0
1445,2890,2891,5747,1151,555000000,0
1446,2892,2893,977,5970,5100000000,0
1447,2894,2895,46,3222,938000000,0
1448,2896,2897,5812,520,1000000000,0
1449,2898,2899,1088,5867,1000000000,0
1450,2900,2901,1618,4486,3000000000,0
1451,2902,2903,238,3074,195974000,0
1452,2904,2905,2,5994,590517000,0
1453,2906,2907,3995,5065,5000000000,0
1454,2908,2909,5615,3164,5400328000,0
1455,2910,2911,854,6002,200000000,0
1456,2912,2913,1931,6004,241792000,0
